Distraction,Phone,Happy,Sleep
0.49925049987500003,0,0,0
1.1205104842657394,0,0,0
1.7386703751248749,0,0,0
2.4763918963081646,0,0,0
3.209698139443804,0,0,0
3.938615530059146,0,0,0
4.54271304857281,0,0,0
5.143796114431135,0,0,0
5.622502272055057,0,0,0
5.980276752123205,0,0,0
6.218197178895711,0,0,0
6.336978981716815,0,0,0
6.455642002735098,0,0,0
6.455642002735098,0,0,0
6.455642002735098,0,0,0
6.455642002735098,0,0,0
6.455642002735098,0,0,0
6.455642002735098,0,0,0
6.455642002735098,0,0,0
6.455642002735098,0,0,0
6.455642002735098,0,0,0
6.455642002735098,0,0,0
6.455642002735098,0,0,0
6.455642002735098,0,0,0
6.455642002735098,0,0,0
6.455642002735098,0,0,0
6.455642002735098,0,0,0
6.455642002735098,0,0,0
6.455642002735098,0,0,0
6.455642002735098,0,0,0
6.455642002735098,0,0,0
6.455642002735098,0,0,0
6.455642002735098,0,0,0
6.455642002735098,0,0,0
6.455642002735098,0,0,0
6.455642002735098,0,0,0
6.455642002735098,0,0,0
6.455642002735098,0,0,0
6.455642002735098,0,0,0
6.455642002735098,0,0,0
6.455642002735098,0,0,0
6.455642002735098,0,0,0
0,0,0,0
0,0,0,0
0,0,0,0
0,0,0,0
0,0,0,0
0,0,0,0
0,0,0,0
0,0,0,0
0,0,0,0
0,0,0,0
0,0,0,0
0,0,0,0
0,0,0,0
0,0,0,0
0,0,0,0
0,0,0,0
0,0,0,0
0,0,0,0
0,0,0,0
0,0,0,0
0,0,0,0
0,0,0,0
0,0,0,0
0,0,0,0
0,0,0,0
0,0,0,0
0,0,0,0
0,0,0,0
0,0,0,0
0,0,0,0
0,0,0,0
0,0,0,0
0,0,0,0
0,0,0,0
0,0,0,0
0,0,0,0
0,0,0,0
0,0,0,0
0,0,0,0
0,0,0,0
0,0,0,0
0,0,0,0
0,0,0,0
0,0,0,0
0,0,0,0
0,0,0,0
0,0,0,0
0,0,0,0
0,0,0,0
0,0,0,0
0,0,0,0
0,0,0,0
0,0,0,0
0,0,0,0
0,0,0,0
0,0,0,0
0,0,0,0
0,0,0,0
0,0,0,0
0,0,0,0
0,0,0,0
0,0,0,0
0,0,0,0
0,0,0,0
0,0,0,0
0,0,0,0
0,0,0,0
0,0,0,0
0,0,0,0
0,0,0,0
0,0,0,0
0,0,0,0
0,0,0,0
0,0,0,0
0,0,0,0
0,0,0,0
0,0,0,0
0,0,0,0
0,0,0,0
0,0,0,0
0,0,0,0
0,0,0,0
0,0,0,0
0,0,0,0
0,0,0,0
0,0,0,0
0,0,0,0
0,0,0,0
0,0,0,0
0,0,0,0
0,0,0,0
0,0,0,0
0,0,0,0
0,0,0,0
0,0,0,0
0,0,0,0
0,0,0,0
0,0,0,0
0,0,0,0
0,0,0,0
0,0,0,0
0,0,0,0
0,0,0,0
0,0,0,0
0,0,0,0
0,0,0,0
0,0,0,0
0,0,0,0
0,0,0,0
0,0,0,0
0,0,0,0
0,0,0,0
0,0,0,0
0,0,0,0
0,0,0,0
0,0,0,0
0,0,0,0
0,0,0,0
0,0,0,0
0,0,0,0
0,0,0,0
0,0,0,0
0,0,0,0
0,0,0,0
0,0,0,0
0,0,0,0
0,0,0,0
0,0,0,0
0,0,0,0
0,0,0,0
0,0,0,0
0,0,0,0
0,0,0,0
0,0,0,0
0,0,0,0
0,0,0,0
0,0,0,0
0,0,0,0
0,0,0,0
0,0,0,0
0,0,0,0
0,0,0,0
0,0,0,0
0,0,0,0
0,0,0,0
0,0,0,0
0,0,0,0
0,0,0,0
0,0,0,0
0,0,0,0
0,0,0,0
0,0,0,0
0,0,0,0
0,0,0,0
0,0,0,0
0,0,0,0
0,0,0,0
0,0,0,0
0,0,0,0
0,0,0,0
0,0,0,0
0,0,0,0
0,0,0,0
0,0,0,0
0,0,0,0
0,0,0,0
0,0,0,0
0,0,0,0
0,0,0,0
0,0,0,0
0,0,0,0
0,0,0,0
0,0,0,0
0,0,0,0
0,0,0,0
0,0,0,0
0,0,0,0
0,0,0,0
0,0,0,0
0,0,0,0
0,0,0,0
0,0,0,0
0,0,0,0
0,0,0,0
0,0,0,0
0,0,0,0
0,0,0,0
0,0,0,0
0,0,0,0
0,0,0,0
0,0,0,0
0,0,0,0
0,0,0,0
0,0,0,0
0,0,0,0
0,0,0,0
0,0,0,0
0,0,0,0
0,0,0,0
0,0,0,0
0,0,0,0
0,0,0,0
0,0,0,0
0,0,0,0
0,0,0,0
0,0,0,0
0,0,0,0
0,0,0,0
0,0,0,0
0,0,0,0
0,0,0,0
0,0,0,0
0,0,0,0
0,0,0,0
0,0,0,0
0,0,0,0
0,0,0,0
0,0,0,0
0,0,0,0
0,0,0,0
0,0,0,0
0,0,0,0
0,0,0,0
0,0,0,0
0,0,0,0
0,0,0,0
0,0,0,0
0,0,0,0
0,0,0,0
0,0,0,0
0,0,0,0
0,0,0,0
0,0,0,0
0,0,0,0
0,0,0,0
0,0,0,0
0,0,0,0
0,0,0,0
0,0,0,0
0,0,0,0
0,0,0,0
0,0,0,0
0,0,0,0
0,0,0,0
0,0,0,0
0,0,0,0
0,0,0,0
0,0,0,0
0,0,0,0
0,0,0,0
0,0,0,0
0,0,0,0
0,0,0,0
0,0,0,0
0,0,0,0
0,0,0,0
0,0,0,0
0,0,0,0
0,0,0,0
0,0,0,0
0,0,0,0
0,0,0,0
0,0,0,0
0,0,0,0
0,0,0,0
0,0,0,0
0,0,0,0
0,0,0,0
0,0,0,0
0,0,0,0
0,0,0,0
0,0,0,0
0,0,0,0
0,0,0,0
0,0,0,0
0,0,0,0
0,0,0,0
0,0,0,0
0,0,0,0
0,0,0,0
0,0,0,0
0,0,0,0
0,0,0,0
0,0,0,0
0,0,0,0
0,0,0,0
0,0,0,0
0,0,0,0
0,0,0,0
0,0,0,0
0,0,0,0
0,0,0,0
0,0,0,0
0,0,0,0
0,0,0,0
0,0,0,0
0,0,0,0
0,0,0,0
0,0,0,0
0,0,0,0
0,0,0,0
0,0,0,0
0,0,0,0
0,0,0,0
0,0,0,0
0,0,0,0
0,0,0,0
0,0,0,0
0,0,0,0
0,0,0,0
0,0,0,0
0,0,0,0
0,0,0,0
0,0,0,0
0,0,0,0
0,0,0,0
0,0,0,0
0,0,0,0
0,0,0,0
0,0,0,0
0,0,0,0
0,0,0,0
0,0,0,0
0,0,0,0
0,0,0,0
0,0,0,0
0,0,0,0
0,0,0,0
0,0,0,0
0,0,0,0
0,0,0,0
0,0,0,0
0,0,0,0
0,0,0,0
0,0,0,0
0,0,0,0
0,0,0,0
0,0,0,0
0,0,0,0
0,0,0,0
0,0,0,0
0,0,0,0
0,0,0,0
0,0,0,0
0,0,0,0
0,0,0,0
0,0,0,0
0,0,0,0
0,0,0,0
0,0,0,0
0,0,0,0
0,0,0,0
0,0,0,0
0,0,0,0
0,0,0,0
0,0,0,0
0,0,0,0
0,0,0,0
0,0,0,0
0,0,0,0
0,0,0,0
0,0,0,0
0,0,0,0
0,0,0,0
0,0,0,0
0,0,0,0
0,0,0,0
0,0,0,0
0,0,0,0
0,0,0,0
0,0,0,0
0,0,0,0
0,0,0,0
0,0,0,0
0,0,0,0
0,0,0,0
0,0,0,0
0,0,0,0
0,0,0,0
0,0,0,0
0,0,0,0
0,0,0,0
0,0,0,0
0,0,0,0
0,0,0,0
0,0,0,0
0,0,0,0
0,0,0,0
0,0,0,0
0,0,0,0
0,0,0,0
0,0,0,0
0,0,0,0
0,0,0,0
0,0,0,0
0,0,0,0
0,0,0,0
0,0,0,0
0,0,0,0
0,0,0,0
0,0,0,0
0,0,0,0
0,0,0,0
0,0,0,0
0,0,0,0
0,0,0,0
0,0,0,0
0,0,0,0
0,0,0,0
0,0,0,0
0,0,0,0
0,0,0,0
0,0,0,0
0,0,0,0
0,0,0,0
0,0,0,0
0,0,0,0
0,0,0,0
0,0,0,0
0,0,0,0
0,0,0,0
0,0,0,0
0,0,0,0
0,0,0,0
0,0,0,0
0,0,0,0
0,0,0,0
0,0,0,0
0,0,0,0
0,0,0,0
0,0,0,0
0,0,0,0
0,0,0,0
0,0,0,0
0,0,0,0
0,0,0,0
0,0,0,0
0,0,0,0
0,0,0,0
0,0,0,0
0,0,0,0
0,0,0,0
0,0,0,0
0,0,0,0
0,0,0,0
0,0,0,0
0,0,0,0
0,0,0,0
0,0,0,0
0,0,0,0
0,0,0,0
0,0,0,0
0,0,0,0
0,0,0,0
0,0,0,0
0,0,0,0
0,0,0,0
0,0,0,0
0,0,0,0
0,0,0,0
0,0,0,0
0,0,0,0
0,0,0,0
0,0,0,0
0,0,0,0
0,0,0,0
0,0,0,0
0,0,0,0
0,0,0,0
0,0,0,0
0,0,0,0
0,0,0,0
0,0,0,0
0,0,0,0
0,0,0,0
0,0,0,0
0,0,0,0
0,0,0,0
0,0,0,0
0,0,0,0
0,0,0,0
0,0,0,0
0,0,0,0
0,0,0,0
0,0,0,0
0,0,0,0
0,0,0,0
0,0,0,0
0,0,0,0
0,0,0,0
0,0,0,0
0,0,0,0
0,0,0,0
0,0,0,0
0,0,0,0
0,0,0,0
0,0,0,0
0,0,0,0
0,0,0,0
0,0,0,0
0,0,0,0
0,0,0,0
0,0,0,0
0,0,0,0
0,0,0,0
0,0,0,0
0,0,0,0
0,0,0,0
0,0,0,0
0,0,0,0
0,0,0,0
0,0,0,0
0,0,0,0
0,0,0,0
0,0,0,0
0,0,0,0
0,0,0,0
0,0,0,0
0,0,0,0
0,0,0,0
0,0,0,0
0,0,0,0
0,0,0,0
0,0,0,0
0,0,0,0
0,0,0,0
0,0,0,0
0,0,0,0
0,0,0,0
0,0,0,0
0,0,0,0
0,0,0,0
0,0,0,0
0,0,0,0
0,0,0,0
0,0,0,0
0,0,0,0
0,0,0,0
0,0,0,0
0,0,0,0
0,0,0,0
0,0,0,0
0,0,0,0
0,0,0,0
0,0,0,0
0,0,0,0
0,0,0,0
0,0,0,0
0,0,0,0
0,0,0,0
0,0,0,0
0,0,0,0
0,0,0,0
0,0,0,0
0,0,0,0
0,0,0,0
0,0,0,0
0,0,0,0
0,0,0,0
0,0,0,0
0,0,0,0
0,0,0,0
0,0,0,0
0,0,0,0
0,0,0,0
0,0,0,0
0,0,0,0
0,0,0,0
0,0,0,0
0,0,0,0
0,0,0,0
0,0,0,0
0,0,0,0
0,0,0,0
0,0,0,0
0,0,0,0
0,0,0,0
0,0,0,0
0,0,0,0
0,0,0,0
0,0,0,0
0,0,0,0
0,0,0,0
0,0,0,0
0,0,0,0
0,0,0,0
0,0,0,0
0,0,0,0
0,0,0,0
0,0,0,0
0,0,0,0
0,0,0,0
0,0,0,0
0,0,0,0
0,0,0,0
0,0,0,0
0,0,0,0
0,0,0,0
0,0,0,0
0,0,0,0
0,0,0,0
0,0,0,0
0,0,0,0
0,0,0,0
0,0,0,0
0,0,0,0
0,0,0,0
0,0,0,0
0,0,0,0
0,0,0,0
0,0,0,0
0,0,0,0
0,0,0,0
0,0,0,0
0,0,0,0
0,0,0,0
0,0,0,0
0,0,0,0
0,0,0,0
0,0,0,0
0,0,0,0
0,0,0,0
0,0,0,0
0,0,0,0
0,0,0,0
0,0,0,0
0,0,0,0
0,0,0,0
0,0,0,0
0,0,0,0
0,0,0,0
0,0,0,0
0,0,0,0
0,0,0,0
0,0,0,0
0,0,0,0
0,0,0,0
0,0,0,0
0,0,0,0
0,0,0,0
0,0,0,0
0,0,0,0
0,0,0,0
0,0,0,0
0,0,0,0
0,0,0,0
0,0,0,0
0,0,0,0
0,0,0,0
0,0,0,0
0,0,0,0
0,0,0,0
0,0,0,0
0,0,0,0
0,0,0,0
0,0,0,0
0,0,0,0
0,0,0,0
0,0,0,0
0,0,0,0
0,0,0,0
0,0,0,0
0,0,0,0
0,0,0,0
0,0,0,0
0,0,0,0
0,0,0,0
0,0,0,0
0,0,0,0
0,0,0,0
0,0,0,0
0,0,0,0
0,0,0,0
0,0,0,0
0,0,0,0
0,0,0,0
0,0,0,0
0,0,0,0
0,0,0,0
0,0,0,0
0,0,0,0
0,0,0,0
0,0,0,0
0,0,0,0
0,0,0,0
0,0,0,0
0,0,0,0
0,0,0,0
0,0,0,0
0,0,0,0
0,0,0,0
0,0,0,0
0,0,0,0
0,0,0,0
0,0,0,0
0,0,0,0
0,0,0,0
0,0,0,0
0,0,0,0
0,0,0,0
0,0,0,0
0,0,0,0
0,0,0,0
0,0,0,0
0,0,0,0
0,0,0,0
0,0,0,0
0,0,0,0
0,0,0,0
0,0,0,0
0,0,0,0
0,0,0,0
0,0,0,0
0,0,0,0
0,0,0,0
0,0,0,0
0,0,0,0
0,0,0,0
0,0,0,0
0,0,0,0
0,0,0,0
0,0,0,0
0,0,0,0
0,0,0,0
0,0,0,0
0,0,0,0
0,0,0,0
0,0,0,0
0,0,0,0
0,0,0,0
0,0,0,0
0,0,0,0
0,0,0,0
0,0,0,0
0,0,0,0
0,0,0,0
0,0,0,0
0,0,0,0
0,0,0,0
0,0,0,0
0,0,0,0
0,0,0,0
0,0,0,0
0,0,0,0
0,0,0,0
0,0,0,0
0,0,0,0
0,0,0,0
0,0,0,0
0,0,0,0
0,0,0,0
0,0,0,0
0,0,0,0
0,0,0,0
0,0,0,0
0,0,0,0
0,0,0,0
0,0,0,0
0,0,0,0
0,0,0,0
0,0,0,0
0,0,0,0
0,0,0,0
0,0,0,0
0,0,0,0
0,0,0,0
0,0,0,0
0,0,0,0
0,0,0,0
0,0,0,0
0,0,0,0
0,0,0,0
0,0,0,0
0,0,0,0
0,0,0,0
0,0,0,0
0,0,0,0
0,0,0,0
0,0,0,0
0,0,0,0
0,0,0,0
0,0,0,0
0,0,0,0
0,0,0,0
0,0,0,0
0,0,0,0
0,0,0,0
0,0,0,0
0,0,0,0
0,0,0,0
0,0,0,0
0,0,0,0
0,0,0,0
0,0,0,0
0,0,0,0
0,0,0,0
0,0,0,0
0,0,0,0
0,0,0,0
0,0,0,0
0,0,0,0
0,0,0,0
0,0,0,0
0,0,0,0
0,0,0,0
0,0,0,0
0,0,0,0
0,0,0,0
0,0,0,0
0,0,0,0
0,0,0,0
0,0,0,0
0,0,0,0
0,0,0,0
0,0,0,0
0,0,0,0
0,0,0,0
0,0,0,0
0,0,0,0
0,0,0,0
0,0,0,0
0,0,0,0
0,0,0,0
0,0,0,0
0,0,0,0
0,0,0,0
0,0,0,0
0,0,0,0
0,0,0,0
0,0,0,0
0,0,0,0
0,0,0,0
0,0,0,0
0,0,0,0
0,0,0,0
0,0,0,0
0,0,0,0
0,0,0,0
0,0,0,0
0,0,0,0
0,0,0,0
0,0,0,0
0,0,0,0
0,0,0,0
0,0,0,0
0,0,0,0
0,0,0,0
0,0,0,0
0,0,0,0
0,0,0,0
0,0,0,0
0,0,0,0
0,0,0,0
0,0,0,0
0,0,0,0
0,0,0,0
0,0,0,0
0,0,0,0
0,0,0,0
0,0,0,0
0,0,0,0
0,0,0,0
0,0,0,0
0,0,0,0
0,0,0,0
0,0,0,0
0,0,0,0
0,0,0,0
0,0,0,0
0,0,0,0
0,0,0,0
0,0,0,0
0,0,0,0
0,0,0,0
0,0,0,0
0,0,0,0
0,0,0,0
0,0,0,0
0,0,0,0
0,0,0,0
0,0,0,0
0,0,0,0
0,0,0,0
0,0,0,0
0,0,0,0
0,0,0,0
0,0,0,0
0,0,0,0
0,0,0,0
0,0,0,0
0,0,0,0
0,0,0,0
0,0,0,0
0,0,0,0
0,0,0,0
0,0,0,0
0,0,0,0
0,0,0,0
0,0,0,0
0,0,0,0
0,0,0,0
0,0,0,0
0,0,0,0
0,0,0,0
0,0,0,0
0,0,0,0
0,0,0,0
0,0,0,0
0,0,0,0
0,0,0,0
0,0,0,0
0,0,0,0
0,0,0,0
0,0,0,0
0,0,0,0
0,0,0,0
0,0,0,0
0,0,0,0
0,0,0,0
0,0,0,0
0,0,0,0
0,0,0,0
0,0,0,0
0,0,0,0
0,0,0,0
0,0,0,0
0,0,0,0
0,0,0,0
0,0,0,0
0,0,0,0
0,0,0,0
0,0,0,0
0,0,0,0
0,0,0,0
0,0,0,0
0,0,0,0
0,0,0,0
0,0,0,0
0,0,0,0
0,0,0,0
0,0,0,0
0,0,0,0
0,0,0,0
0,0,0,0
0,0,0,0
0,0,0,0
0,0,0,0
0,0,0,0
0,0,0,0
0,0,0,0
0,0,0,0
0,0,0,0
0,0,0,0
0,0,0,0
0,0,0,0
0,0,0,0
0,0,0,0
0,0,0,0
0,0,0,0
0,0,0,0
0,0,0,0
0,0,0,0
0,0,0,0
0,0,0,0
0,0,0,0
0,0,0,0
0,0,0,0
0,0,0,0
0,0,0,0
0,0,0,0
0,0,0,0
0,0,0,0
0,0,0,0
0,0,0,0
0,0,0,0
0,0,0,0
0,0,0,0
0,0,0,0
0,0,0,0
0,0,0,0
0,0,0,0
0,0,0,0
0,0,0,0
0,0,0,0
0,0,0,0
0,0,0,0
0,0,0,0
0,0,0,0
0,0,0,0
0,0,0,0
0,0,0,0
0,0,0,0
0,0,0,0
0,0,0,0
0,0,0,0
0,0,0,0
0,0,0,0
0,0,0,0
0,0,0,0
0,0,0,0
0,0,0,0
0,0,0,0
0,0,0,0
0,0,0,0
0,0,0,0
0,0,0,0
0,0,0,0
0,0,0,0
0,0,0,0
0,0,0,0
0,0,0,0
0,0,0,0
0,0,0,0
0,0,0,0
0,0,0,0
0,0,0,0
0,0,0,0
0,0,0,0
0,0,0,0
0,0,0,0
0,0,0,0
0,0,0,0
0,0,0,0
0,0,0,0
0,0,0,0
0,0,0,0
0,0,0,0
0,0,0,0
0,0,0,0
0,0,0,0
0,0,0,0
0,0,0,0
0,0,0,0
0,0,0,0
0,0,0,0
0,0,0,0
0,0,0,0
0,0,0,0
0,0,0,0
0,0,0,0
0,0,0,0
0,0,0,0
0,0,0,0
0,0,0,0
0,0,0,0
0,0,0,0
0,0,0,0
0,0,0,0
0,0,0,0
0,0,0,0
0,0,0,0
0,0,0,0
0,0,0,0
0,0,0,0
0,0,0,0
0,0,0,0
0,0,0,0
0,0,0,0
0,0,0,0
0,0,0,0
0,0,0,0
0,0,0,0
0,0,0,0
0,0,0,0
0,0,0,0
0,0,0,0
0,0,0,0
0,0,0,0
0,0,0,0
0,0,0,0
0,0,0,0
0,0,0,0
0,0,0,0
0,0,0,0
0,0,0,0
0,0,0,0
0,0,0,0
0,0,0,0
0,0,0,0
0,0,0,0
0,0,0,0
0,0,0,0
0,0,0,0
0,0,0,0
0,0,0,0
0,0,0,0
0,0,0,0
0,0,0,0
0,0,0,0
0,0,0,0
0,0,0,0
0,0,0,0
0,0,0,0
0,0,0,0
0,0,0,0
0,0,0,0
0,0,0,0
0,0,0,0
0,0,0,0
0,0,0,0
0,0,0,0
0,0,0,0
0,0,0,0
0,0,0,0
0,0,0,0
0,0,0,0
0,0,0,0
0,0,0,0
0,0,0,0
0,0,0,0
0,0,0,0
0,0,0,0
0,0,0,0
0,0,0,0
0,0,0,0
0,0,0,0
0,0,0,0
0,0,0,0
0,0,0,0
0,0,0,0
0,0,0,0
0,0,0,0
0,0,0,0
0,0,0,0
0,0,0,0
0,0,0,0
0,0,0,0
0,0,0,0
0,0,0,0
0,0,0,0
0,0,0,0
0,0,0,0
0,0,0,0
0,0,0,0
0,0,0,0
0,0,0,0
0,0,0,0
0,0,0,0
0,0,0,0
0,0,0,0
0,0,0,0
0,0,0,0
0,0,0,0
0,0,0,0
0,0,0,0
0,0,0,0
0,0,0,0
0,0,0,0
0,0,0,0
0,0,0,0
0,0,0,0
0,0,0,0
0,0,0,0
0,0,0,0
0,0,0,0
0,0,0,0
0,0,0,0
0,0,0,0
0,0,0,0
0,0,0,0
0,0,0,0
0,0,0,0
0,0,0,0
0,0,0,0
0,0,0,0
0,0,0,0
0,0,0,0
0,0,0,0
0,0,0,0
0,0,0,0
0,0,0,0
0,0,0,0
0,0,0,0
0,0,0,0
0,0,0,0
0,0,0,0
0,0,0,0
0,0,0,0
0,0,0,0
0,0,0,0
0,0,0,0
0,0,0,0
0,0,0,0
0,0,0,0
0,0,0,0
0,0,0,0
0,0,0,0
0,0,0,0
0,0,0,0
0,0,0,0
0,0,0,0
0,0,0,0
0,0,0,0
0,0,0,0
0,0,0,0
0,0,0,0
0,0,0,0
0,0,0,0
0,0,0,0
0,0,0,0
0,0,0,0
0,0,0,0
0,0,0,0
0,0,0,0
0,0,0,0
0,0,0,0
0,0,0,0
0,0,0,0
0,0,0,0
0,0,0,0
0,0,0,0
0,0,0,0
0,0,0,0
0,0,0,0
0,0,0,0
0,0,0,0
0,0,0,0
0,0,0,0
0,0,0,0
0,0,0,0
0,0,0,0
0,0,0,0
0,0,0,0
0,0,0,0
0,0,0,0
0,0,0,0
0,0,0,0
0,0,0,0
0,0,0,0
0,0,0,0
0,0,0,0
0,0,0,0
0,0,0,0
0,0,0,0
0,0,0,0
0,0,0,0
0,0,0,0
0,0,0,0
0,0,0,0
0,0,0,0
0,0,0,0
0,0,0,0
0,0,0,0
0,0,0,0
0,0,0,0
0,0,0,0
0,0,0,0
0,0,0,0
0,0,0,0
0,0,0,0
0,0,0,0
0,0,0,0
0,0,0,0
0,0,0,0
0,0,0,0
0,0,0,0
0,0,0,0
0,0,0,0
0,0,0,0
0,0,0,0
0,0,0,0
0,0,0,0
0,0,0,0
0,0,0,0
0,0,0,0
0,0,0,0
0,0,0,0
0,0,0,0
0,0,0,0
0,0,0,0
0,0,0,0
0,0,0,0
0,0,0,0
0,0,0,0
0,0,0,0
0,0,0,0
0,0,0,0
0,0,0,0
0,0,0,0
0,0,0,0
0,0,0,0
0,0,0,0
0,0,0,0
0,0,0,0
0,0,0,0
0,0,0,0
0,0,0,0
0,0,0,0
0,0,0,0
0,0,0,0
0,0,0,0
0,0,0,0
0,0,0,0
0,0,0,0
0,0,0,0
0,0,0,0
0,0,0,0
0,0,0,0
0,0,0,0
0,0,0,0
0,0,0,0
0,0,0,0
0,0,0,0
0,0,0,0
0,0,0,0
0,0,0,0
0,0,0,0
0,0,0,0
0,0,0,0
0,0,0,0
0,0,0,0
0,0,0,0
0,0,0,0.13999999999999999
0,0,0,0.41958014
0,0,0,0.83790279790084
0,0,0,1.3937167706352507
0,0,0,2.0853635093197203
0,0,0,2.7735589238651444
0,0,0,3.458320236413473
0,0,0,4.139664583167995
0,0,0,4.817609014822174
0,0,0,5.492170496986343
0,0,0,6.02939530591819
0,0,0,6.430905342156959
0,0,0,6.697909962377987
0,0,0,6.8312120524156095
0,0,0,6.8312120524156095
0,0,0,6.8312120524156095
0,0,0,6.8312120524156095
0,0,0,6.8312120524156095
0,0,0,6.8312120524156095
0,0,0,6.8312120524156095
0,0,0,6.8312120524156095
0,0,0,6.8312120524156095
0,0,0,6.8312120524156095
0,0,0,6.8312120524156095
0,0,0,6.8312120524156095
0,0,0,6.8312120524156095
0,0,0,6.8312120524156095
0,0,0,6.8312120524156095
0,0,0,6.8312120524156095
0,0,0,6.8312120524156095
0,0,0,6.8312120524156095
0,0,0,6.8312120524156095
0,0,0,6.8312120524156095
0,0,0,6.8312120524156095
0,0,0,6.8312120524156095
0,0,0,6.8312120524156095
0,0,0,6.8312120524156095
0,0,0,6.8312120524156095
0,0,0,6.8312120524156095
0,0,0,6.8312120524156095
0,0,0,6.8312120524156095
0,0,0,6.8312120524156095
0,0,0,6.8312120524156095
0,0,0,0
0,0,0,0
0,0,0,0
0,0,0,0
0,0,0,0
0,0,0,0
0,0,0,0
0,0,0,0
0,0,0,0
0,0,0,0
0,0,0.10049999999999999,0
0,0,0.3011986005,0
0,0,0.5014960044976006,0
0,0,0.8011916209706252,0
0,0,1.1993890603320032,0
0,0,1.6949001014306522,0
0,0,2.286250598944104,0
0,0,2.9716877900598835,0
0,0,3.7491889497614865,0
0,0,4.616471334905533,0
0,0,5.475979328006597,0
0,0,6.32778261936702,0
0,0,7.265278324304854,0
0,0,8.193441147197184,0
0,0,9.112363998002763,0
0,0,10.022138861750571,0
0,0,10.92285680774761,0
0,0,11.81460799869502,0
0,0,12.697481699713448,0
0,0,13.571566287278577,0
0,0,14.43694925806768,0
0,0,15.293717237718134,0
0,0,16.141955989498715,0
0,0,16.981750422894585,0
0,0,17.813184602106816,0
0,0,18.636341754467274,0
0,0,19.451304278769786,0
0,0,20.258153753518304,0
0,0,21.05697094509299,0
0,0,21.847835815835047,0
0,0,22.630827532050965,0
0,0,23.406024471937176,0
0,0,24.17350423342578,0
0,0,24.933343641952167,0
0,0,25.685618758145335,0
0,0,26.430404885441565,0
0,0,27.167776577622437,0
0,0,27.897807646277716,0
0,0,28.620571168193926,0
0,0,29.336139492669435,0
0,0,30.044584248756678,0
0,0,30.7459763524323,0
0,0,31.440386013695893,0
0,0,32.12788274359809,0
0,0,32.808535361198714,0
0,0,33.48241200045557,0
0,0,34.14958011704477,0
0,0,34.810106495113104,0
0,0,35.46405725396314,0
0,0,36.111497854671896,0
0,0,36.75249310664353,0
0,0,37.3871071740968,0
0,0,38.01540358248799,0
0,0,38.637445224869865,0
0,0,39.2532943681873,0
0,0,39.86301265951028,0
0,0,40.466661132204834,0
0,0,41.06430021204252,0
0,0,41.655989723249085,0
0,0,42.24178889449295,0
0,0,42.82175636481404,0
0,0,43.395950189493654,0
0,0,43.96442784586574,0
0,0,44.527246239070564,0
0,0,45.08446170775088,0
0,0,45.63613002969151,0
0,0,46.18230642740273,0
0,0,46.72304557364813,0
0,0,47.25840159691737,0
0,0,47.78842808684453,0
0,0,48.31317809957247,0
0,0,48.83270416306376,0
0,0,49.34705828235884,0
0,0,49.856291944781724,0
0,0,50.360456125093954,0
0,0,50.859601290597226,0
0,0,51.35377740618518,0
0,0,51.84303393934498,0
0,0,52.327419865109015,0
0,0,52.80698367095737,0
0,0,53.28177336167142,0
0,0,53.751836464139224,0
0,0,54.217220032113005,0
0,0,54.67797065091917,0
0,0,55.134134442121706,0
0,0,55.58575706813885,0
0,0,56.03288373681399,0
0,0,56.47555920594107,0
0,0,56.913827787744786,0
0,0,57.34773335331633,0
0,0,57.77731933700494,0
0,0,58.16028902979552,0
0,0,58.53982575013868,0
0,0,58.87433460609347,0
0,0,59.16484158031981,0
0,0,59.41223332954498,0
0,0,59.61726169590282,0
0,0,59.78054751617946,0
0,0,59.90258375599292,0
0,0,59.983737991064686,0
0,0,60.02425425307362,0
0,0,60.064729998820546,0
0,0,60.064729998820546,0
0,0,60.064729998820546,0
0,0,60.064729998820546,0
0,0,60.064729998820546,0
0,0,60.064729998820546,0
0,0,60.064729998820546,0
0,0,60.064729998820546,0
0,0,60.064729998820546,0
0,0,60.064729998820546,0
0,0,60.064729998820546,0
0,0,60.064729998820546,0
0,0,60.064729998820546,0
0,0,60.064729998820546,0
0,0,60.064729998820546,0
0,0,60.064729998820546,0
0,0,60.064729998820546,0
0,0,60.064729998820546,0
0,0,60.064729998820546,0
0,0,60.064729998820546,0
0,0,60.064729998820546,0
0,0,60.064729998820546,0
0,0,60.064729998820546,0
0,0,60.064729998820546,0
0,0,60.064729998820546,0
0,0,60.064729998820546,0
0,0,60.064729998820546,0
0,0,60.064729998820546,0
0,0,60.064729998820546,0
0,0,60.064729998820546,0
0,0,60.064729998820546,0
0,0,60.064729998820546,0
0,0,60.064729998820546,0
0,0,60.064729998820546,0
0,0,60.064729998820546,0
0,0,60.064729998820546,0
0,0,60.064729998820546,0
0,0,60.064729998820546,0
0,0,60.064729998820546,0
0,0,60.064729998820546,0
0,0,60.064729998820546,0
0,0,60.064729998820546,0
0,0,60.064729998820546,0
0,0,60.064729998820546,0
0,0,60.064729998820546,0
0,0,60.064729998820546,0
0.125,0,60.064729998820546,0
0.374625125,0,60.064729998820546,0
0.74812749812575,0,60.064729998820546,0
1.2443899737814736,0,60.064729998820546,0
1.86193170474975,0,60.064729998820546,0
2.5989155044118566,0,60.064729998820546,0
3.453156952863056,0,60.064729998820546,0
4.422135183756566,0,60.064729998820546,0
5.503005277332389,0,60.064729998820546,0
6.69261217437163,0,60.064729998820546,0
7.870376392247537,0,60.064729998820546,0
9.036415826249819,0,60.064729998820546,0
10.19084719800645,0,60.064729998820546,0
11.333786067167615,0,60.064729998820546,0
12.465346842973352,0,60.064729998820546,0
13.585642795705988,0,60.064729998820546,0
14.69478606802864,0,60.064729998820546,0
15.792887686210765,0,60.064729998820546,0
16.88005757124202,0,60.064729998820546,0
17.956404549835433,0,60.064729998820546,0
19.02203636532107,0,60.064729998820546,0
20.077059688431255,0,60.064729998820546,0
21.121580127978365,0,60.064729998820546,0
22.15570224142641,0,60.064729998820546,0
23.179529545357337,0,60.064729998820546,0
24.193164525833097,0,60.064729998820546,0
25.196708648654635,0,60.064729998820546,0
26.190262369518678,0,60.064729998820546,0
27.173925144073465,0,60.064729998820546,0
28.147795437874347,0,60.064729998820546,0
29.11197073624028,0,60.064729998820546,0
30.06654755401218,0,60.064729998820546,0
31.011621445214153,0,60.064729998820546,0
31.947287012618578,0,60.064729998820546,0
32.87363791721587,0,60.064729998820546,0
33.7907668875901,0,60.064729998820546,0
34.698765729201135,0,60.064729998820546,0
35.59772533357452,0,60.064729998820546,0
36.48773568739979,0,60.064729998820546,0
37.36888588153814,0,60.064729998820546,0
38.24126411994065,0,60.064729998820546,0
39.10495772847745,0,60.064729998820546,0
39.960053163679184,0,60.064729998820546,0
40.8066360213914,0,60.064729998820546,0
41.644791045342714,0,60.064729998820546,0
42.47460213562779,0,60.064729998820546,0
43.2961523571058,0,60.064729998820546,0
44.109523947715296,0,60.064729998820546,0
44.91479832670628,0,60.064729998820546,0
45.71205610279039,0,60.064729998820546,0
46.50137708220987,0,60.064729998820546,0
47.282840276726276,0,60.064729998820546,0
48.0565239115296,0,60.064729998820546,0
48.8225054330687,0,60.064729998820546,0
49.580861516803765,0,60.064729998820546,0
50.331668074881584,0,60.064729998820546,0
51.07500026373442,0,60.064729998820546,0
51.81093249160327,0,60.064729998820546,0
52.53953842598618,0,60.064729998820546,0
53.26089100101241,0,60.064729998820546,0
53.975062424743264,0,60.064729998820546,0
54.6821241864001,0,60.064729998820546,0
55.38214706352054,0,60.064729998820546,0
56.07520112904333,0,60.064729998820546,0
56.761355758322715,0,60.064729998820546,0
57.440679636072986,0,60.064729998820546,0
58.11324076324387,0,60.064729998820546,0
58.77910646382751,0,60.064729998820546,0
59.43834339159762,0,60.064729998820546,0
60.09101753678162,0,60.064729998820546,0
60.73719423266631,0,60.064729998820546,0
61.376938162137805,0,60.064729998820546,0
62.0103133641563,0,60.064729998820546,0
62.63738324016654,0,60.064729998820546,0
63.25821056044425,0,60.064729998820546,0
63.87285747037952,0,60.064729998820546,0
64.48138549669768,0,60.064729998820546,0
65.08385555361815,0,60.064729998820546,0
65.68032794895191,0,60.064729998820546,0
66.27086239013855,0,60.064729998820546,0
66.85551799022292,0,60.064729998820546,0
67.43435327377239,0,60.064729998820546,0
68.0074261827353,0,60.064729998820546,0
68.57479408224096,0,60.064729998820546,0
69.13651376634188,0,60.064729998820546,0
69.69264146369902,0,60.064729998820546,0
70.2432328432103,0,60.064729998820546,0
70.78834301958307,0,60.064729998820546,0
71.32802655885116,0,60.064729998820546,0
71.86233748383702,0,60.064729998820546,0
72.39132927955939,0,60.064729998820546,0
72.9150548985873,0,60.064729998820546,0
73.43356676634055,0,60.064729998820546,0
73.94691678633765,0,60.064729998820546,0
74.45515634539134,0,60.064729998820546,0
74.95833631875253,0,60.064729998820546,0
75.45650707520284,0,60.064729998820546,0
75.9497184820967,0,60.064729998820546,0
76.43801991035298,0,60.064729998820546,0
76.92146023939722,0,60.064729998820546,0
77.40008786205442,0,60.064729998820546,0
77.87395068939311,0,60.064729998820546,0
78.34309615552152,0,60.064729998820546,0
78.80757122233557,0,60.064729998820546,0
79.2674223842199,0,60.064729998820546,0
79.72269567270197,0,60.064729998820546,0
80.17343666105992,0,60.064729998820546,0
80.61969046888437,0,60.064729998820546,0
81.06150176659509,0,60.064729998820546,0
81.49891477991238,0,60.064729998820546,0
81.93197329428429,0,60.064729998820546,0
82.36072065926945,0,60.064729998820546,0
82.78519979287644,0,60.064729998820546,0
83.20545318585988,0,60.064729998820546,0
83.62152290597395,0,60.064729998820546,0
84.03345060218317,0,60.064729998820546,0
84.4412775088317,0,60.064729998820546,0
84.84504444977085,0,60.064729998820546,0
85.24479184244562,0,60.064729998820546,0
85.64055970194049,0,60.064729998820546,0
86.03238764498492,0,60.064729998820546,0
86.42031489391917,0,60.064729998820546,0
86.80438028062039,0,60.064729998820546,0
87.18462225038974,0,60.064729998820546,0
87.56107886580071,0,60.064729998820546,0
87.93378781050947,0,60.064729998820546,0
88.30278639302674,0,60.064729998820546,0
88.66811155045261,0,60.064729998820546,0
89.02979985217392,0,60.064729998820546,0
89.3878875035249,0,60.064729998820546,0
89.74241034941123,0,60.064729998820546,0
90.09340387789838,0,60.064729998820546,0
90.44090322376385,0,60.064729998820546,0
90.78494317201418,0,60.064729998820546,0
91.12555816136704,0,60.064729998820546,0
91.46278228769853,0.16,60.064729998820546,0
91.79664930745624,0.31984,60.064729998820546,0
92.12719264103825,0.47952016000000003,60.064729998820546,0
92.45444537613857,0.63904063984,60.064729998820546,0
92.7784402710593,0.7984015992001601,60.064729998820546,0
93.09920975798967,0.9576031976009599,60.10516526882173,0
93.41678594625256,1.2755289488089554,60.14556010355291,0
93.73120062551878,1.7512263472738459,60.18591454344936,0
94.04248526898911,2.38327258207968,60.22622862890591,0
94.3506710365448,3.1697816272744497,60.266502400277,0
94.65578877786682,3.95236598447254,60.30673589787672,0
94.95786903552387,4.73104523790628,60.34692916197884,0
95.25694204802966,5.505838874082486,60.387082232816866,0
95.55303775286991,6.27676628227011,60.42719515058405,0
95.84618578949912,7.0438467549854575,60.467267955433464,0
96.1364155023074,7.807099488474985,60.467267955433464,0
96.42375594355799,8.414958541737425,60.467267955433464,0
96.70823587629536,8.86925906257288,60.467267955433464,0
96.9898837772244,9.171369413706797,60.467267955433464,0.13999999999999999
97.26872783956101,9.32219804429309,60.467267955433464,0.41958014
97.54479597585427,9.32219804429309,60.467267955433464,0.6986013993001401
97.81811582078042,9.32219804429309,60.467267955433464,0.9770648951029391
98.08871473390928,9.32219804429309,60.467267955433464,1.2549717423776283
98.35661980244286,9.32219804429309,60.467267955433464,1.5323230538646153
98.62185784392676,9.32219804429309,60.467267955433464,1.80911994007994
98.88445540893476,9.32219804429309,60.467267955433464,2.0853635093197203
99.14443878372646,9.32219804429309,60.467267955433464,2.36105486766459
99.40183399287865,9.32219804429309,60.467267955433464,2.6361951189841286
99.65666680189027,9.32219804429309,60.467267955433464,2.7735589238651444
99.90896271976172,9.32219804429309,60.467267955433464,2.7735589238651444
100,9.32219804429309,60.467267955433464,2.7735589238651444
100,9.32219804429309,60.467267955433464,2.7735589238651444
100,9.32219804429309,60.467267955433464,2.7735589238651444
100,9.32219804429309,60.467267955433464,2.7735589238651444
100,9.32219804429309,60.467267955433464,2.7735589238651444
100,9.32219804429309,60.467267955433464,2.7735589238651444
100,9.32219804429309,60.467267955433464,2.7735589238651444
100,9.32219804429309,60.467267955433464,2.7735589238651444
100,9.32219804429309,60.467267955433464,2.7735589238651444
100,9.32219804429309,60.467267955433464,2.7735589238651444
100,9.32219804429309,60.467267955433464,2.7735589238651444
100,9.32219804429309,60.467267955433464,2.7735589238651444
100,9.32219804429309,60.467267955433464,2.7735589238651444
100,9.32219804429309,60.467267955433464,2.7735589238651444
100,9.32219804429309,60.467267955433464,2.7735589238651444
100,9.32219804429309,60.467267955433464,2.7735589238651444
100,9.32219804429309,60.467267955433464,2.7735589238651444
100,9.32219804429309,60.467267955433464,2.7735589238651444
100,9.32219804429309,60.467267955433464,2.7735589238651444
100,9.32219804429309,60.467267955433464,2.7735589238651444
100,9.32219804429309,60.467267955433464,2.7735589238651444
100,9.32219804429309,60.467267955433464,2.7735589238651444
100,9.32219804429309,60.467267955433464,2.7735589238651444
100,9.32219804429309,60.467267955433464,2.7735589238651444
100,9.32219804429309,60.467267955433464,2.7735589238651444
100,9.32219804429309,60.467267955433464,2.7735589238651444
100,9.32219804429309,60.467267955433464,2.7735589238651444
100,9.32219804429309,60.467267955433464,2.7735589238651444
100,9.32219804429309,60.467267955433464,0
100,9.32219804429309,60.467267955433464,0
100,9.32219804429309,60.467267955433464,0
100,9.32219804429309,60.467267955433464,0
100,9.32219804429309,60.467267955433464,0
100,9.32219804429309,60.467267955433464,0
100,9.32219804429309,60.467267955433464,0
100,9.32219804429309,60.467267955433464,0
100,9.32219804429309,60.467267955433464,0
100,9.32219804429309,60.467267955433464,0
0,9.32219804429309,60.467267955433464,0
0,9.32219804429309,60.467267955433464,0
0,9.32219804429309,60.467267955433464,0
0,9.32219804429309,60.467267955433464,0
0,9.32219804429309,60.467267955433464,0
0,9.32219804429309,60.467267955433464,0
0,9.32219804429309,60.467267955433464,0
0,9.32219804429309,60.467267955433464,0
0,9.32219804429309,60.467267955433464,0
0,9.32219804429309,60.467267955433464,0
0,9.32219804429309,60.467267955433464,0
0,9.32219804429309,60.467267955433464,0
0,9.32219804429309,60.467267955433464,0
0,9.32219804429309,60.467267955433464,0
0,9.32219804429309,60.467267955433464,0
0,9.32219804429309,60.467267955433464,0
0,9.32219804429309,0,0
0,9.32219804429309,0,0
0,9.32219804429309,0,0
0,9.32219804429309,0,0
0,9.32219804429309,0,0
0,9.32219804429309,0,0
0,9.32219804429309,0,0
0,9.32219804429309,0,0
0,9.32219804429309,0,0
0,9.32219804429309,0,0
0,9.32219804429309,0,0
0.125,9.32219804429309,0,0
0.374625125,9.32219804429309,0,0
0.74812749812575,9.32219804429309,0,0
1.2443899737814736,9.32219804429309,0,0
1.86193170474975,0,0,0
2.5989155044118566,0,0,0
3.453156952863056,0,0,0
4.422135183756566,0,0,0
5.503005277332389,0,0,0
6.69261217437163,0,0,0
7.870376392247537,0,0,0
9.036415826249819,0,0,0
10.19084719800645,0,0,0
11.333786067167615,0,0,0
12.465346842973352,0,0,0
13.585642795705988,0,0,0
14.69478606802864,0,0,0
15.792887686210765,0,0,0
16.88005757124202,0,0,0
17.956404549835433,0,0,0
19.02203636532107,0,0,0
20.077059688431255,0,0,0
21.121580127978365,0,0,0
22.15570224142641,0,0,0
23.179529545357337,0,0,0
24.193164525833097,0,0,0
25.196708648654635,0,0,0
26.190262369518678,0,0,0
27.173925144073465,0,0,0
28.147795437874347,0,0,0
29.11197073624028,0,0,0
30.06654755401218,0,0,0
31.011621445214153,0,0,0
31.947287012618578,0,0,0
32.87363791721587,0,0,0
33.7907668875901,0,0,0
34.698765729201135,0,0,0
35.59772533357452,0,0,0
36.48773568739979,0,0,0
37.36888588153814,0,0,0
38.24126411994065,0,0,0
39.10495772847745,0,0,0
39.960053163679184,0,0,0
40.8066360213914,0,0,0
41.644791045342714,0,0,0
42.47460213562779,0,0,0
43.2961523571058,0,0,0
44.109523947715296,0,0,0
44.834632959665946,0,0,0
45.473715749364956,0,0,0
46.02873246778833,0,0,0
46.50137708220987,0,0,0
46.89308599516346,0,0,0
47.20504532204833,0,0,0
47.4381968790131,0,0,0
47.59324292345195,0,0,0
47.6706496805285,0,0,0
47.6706496805285,0,0,0
47.6706496805285,0,0,0
47.6706496805285,0,0,0
47.6706496805285,0,0,0
47.6706496805285,0,0,0
47.6706496805285,0,0,0
47.6706496805285,0,0,0
47.6706496805285,0,0,0
47.6706496805285,0,0,0
47.6706496805285,0,0,0
47.6706496805285,0,0,0
47.6706496805285,0,0,0
47.6706496805285,0,0,0
47.6706496805285,0,0,0
47.6706496805285,0,0,0
47.6706496805285,0,0,0
47.6706496805285,0,0,0
47.6706496805285,0,0,0
47.6706496805285,0,0,0
47.6706496805285,0,0,0
47.6706496805285,0,0,0
47.6706496805285,0,0,0
47.6706496805285,0,0,0
47.6706496805285,0,0,0
47.6706496805285,0,0,0
47.6706496805285,0,0,0
47.6706496805285,0,0,0
47.6706496805285,0,0,0
47.6706496805285,0,0,0
0,0,0,0
0,0,0,0
0,0,0,0
0,0,0,0
0,0,0,0
0,0,0,0
0,0,0,0
0,0,0,0
0,0,0,0
0,0,0,0
0,0,0,0
0,0,0,0
0,0,0,0
0,0,0,0
0,0,0,0
0,0,0,0
0.125,0,0,0
0.374625125,0,0,0
0.74812749812575,0,0,0
1.2443899737814736,0,0,0
1.86193170474975,0,0,0
2.5989155044118566,0,0,0
3.453156952863056,0,0,0
4.422135183756566,0,0,0
5.503005277332389,0,0,0
6.69261217437163,0,0,0
7.870376392247537,0,0,0
9.036415826249819,0,0,0
10.19084719800645,0,0,0
11.333786067167615,0,0,0
12.465346842973352,0,0,0
13.585642795705988,0,0,0
14.69478606802864,0,0,0
15.792887686210765,0,0,0
16.88005757124202,0,0,0
17.956404549835433,0,0,0
19.02203636532107,0,0,0
20.077059688431255,0,0,0
21.121580127978365,0,0,0
22.15570224142641,0,0,0
23.179529545357337,0,0,0
24.193164525833097,0,0,0
25.196708648654635,0,0,0
26.190262369518678,0,0,0
27.173925144073465,0,0,0
28.050846284158506,0,0,0
28.82373035995279,0,0,0
29.494947908575966,0,0,0
30.06654755401218,0,0,0
30.540266430577606,0,0,0
30.91753898419835,0,0,0
31.199504213945172,0,0,0
31.387011405021497,0,0,0
31.480624393616473,0,0,0
31.480624393616473,0,0,0
31.480624393616473,0,0,0
31.480624393616473,0,0,0
31.480624393616473,0,0,0
31.480624393616473,0,0,0
31.480624393616473,0,0,0
31.480624393616473,0,0,0
31.480624393616473,0,0,0
31.480624393616473,0,0,0
31.480624393616473,0,0,0
31.480624393616473,0,0,0
31.480624393616473,0,0,0
31.480624393616473,0,0,0
31.480624393616473,0,0,0
31.480624393616473,0,0,0
31.480624393616473,0,0,0
31.480624393616473,0,0,0
31.480624393616473,0,0,0
31.480624393616473,0,0,0
31.480624393616473,0,0,0
31.480624393616473,0,0,0
31.480624393616473,0,0,0
31.480624393616473,0,0,0
31.480624393616473,0,0,0
31.480624393616473,0,0,0
31.480624393616473,0,0,0
31.480624393616473,0,0,0
31.480624393616473,0,0,0
31.574143769222857,0,0,0
31.76090205582818,0,0,0
32.04033972560596,0,0,0
32.41162098048757,0,0,0
32.87363791721587,0.16,0,0
33.42501603542724,0.47952016000000003,0,0
34.06412105043722,0.9576031976009599,0,0
34.78906696347193,1.5928191664402862,0,0
35.59772533357452,2.38327258207968,0,0
36.48773568739979,3.326611845647175,0,0
37.36888588153814,4.42004089966471,0,0
38.24126411994065,5.660333035208404,0,0
39.10495772847745,7.0438467549854575,0,0
39.960053163679184,8.566543583195688,0,0
40.8066360213914,10.07408178207685,0,0
41.644791045342714,11.566612257599767,0,0
42.47460213562779,13.044284413448253,0,0
43.2961523571058,14.507246165974548,0,0
44.109523947715296,15.955643959005887,0,0
44.91479832670628,17.38962277850366,0,0
45.71205610279039,18.809326167076655,0,0
46.50137708220987,20.214896238349777,0,0
47.282840276726276,21.606473691189777,0,0
48.0565239115296,22.98419782378934,0,0
48.8225054330687,24.348206547610957,0,0
49.580861516803765,25.698636401191983,0,0
50.331668074881584,27.03562256381228,0,0
51.07500026373442,28.35929886902578,0,0
51.81093249160327,29.66979781805736,0,0
52.53953842598618,30.96725059306634,0,0
53.26089100101241,32.251787070277906,0,0
53.975062424743264,33.52353583298388,0,0
54.6821241864001,34.78262418441401,0,0
55.38214706352054,36.02917816047915,0,0
56.07520112904333,37.26332254238754,0,0
56.761355758322715,38.48518086913556,0,0
57.440679636072986,39.69487544987409,0,0
58.11324076324387,40.892527376151754,0,0
58.77910646382751,42.078256534036306,0,0
59.43834339159762,43.2521816161153,0,0
60.09101753678162,44.29871885222966,0,0
60.73719423266631,45.22109593671882,0,0
61.376938162137805,46.022141921423255,0,0
61.94726062478109,46.70430167987172,0,0
62.44992058962357,47.269648346879784,0,0
62.886459780893425,47.71989382219102,0,0
63.25821056044425,48.05639741268602,0,0
63.566302706856874,48.28017267425806,0,0
63.81166913951904,48.391892501583804,0,0
63.995050628296234,48.391892501583804,0,0
64.11699952209027,48.391892501583804,0,0
64.23870464004561,48.391892501583804,0,0
64.36016646947016,48.391892501583804,0,0
64.54190411120099,48.503500609082224,0,0
64.7833739879528,48.726382111364664,0,0
65.08385555361815,49.05986925545052,0,0
65.44245487555425,49.50296458129384,0,0
65.85810906540857,50.05434589245116,0,0
66.3295915277484,50.71237282954939,0,0
66.85551799022292,51.47509500081613,0,0
67.43435327377239,52.34026161327363,0,0
68.0074261827353,53.30533253803871,0,0
68.57479408224096,54.36749073360362,0,0
69.13651376634188,55.419075017095494,0,0
69.69264146369902,56.46019065307564,0,0
70.2432328432103,57.490941858184115,0,0
70.78834301958307,58.511431811571775,0,0
71.32802655885116,59.521762665228714,0,0
71.86233748383702,60.52203555420971,0,0
72.39132927955939,61.51235060675796,0,0
72.9150548985873,62.49280695432799,0,0
73.43356676634055,63.463502741508854,0,0
73.94691678633765,64.42453513584844,0,0
74.45515634539134,65.3760003375801,0,0
74.95833631875253,66.31799358925221,0,0
75.45650707520284,67.25060918526235,0,0
75.9497184820967,68.17394048129594,0,0
76.43801991035298,69.08807990367144,0,0
76.92146023939722,69.99311895859222,0,0
77.40008786205442,70.88914824130637,0,0
77.87395068939311,71.77625744517552,0,0
78.34309615552152,72.65453537065314,0,0
78.80757122233557,73.52406993417348,0,0
79.2674223842199,74.38494817695221,0,0
79.72269567270197,75.23725627369924,0,0
80.17343666105992,76.08107954124499,0,0
80.61969046888437,76.91650244708049,0,0
81.06150176659509,77.7436086178129,0,0
81.49891477991238,78.56248084753642,0,0
81.93197329428429,79.37320110612009,0,0
82.36072065926945,80.1758505474132,0,0
82.78519979287644,80.9705095173687,0,0
83.20545318585988,81.75725756208585,0,0
83.62152290597395,82.5361734357731,0,0
84.03345060218317,83.30733510863125,0,0
84.4412775088317,84.07081977465846,0,0
84.84504444977085,84.82670385937736,0,0
85.24479184244562,85.57506302748531,0,0
85.64055970194049,86.31597219042862,0,0
86.03238764498492,87.04950551390114,0,0
86.42031489391917,87.77573642526835,0,0
86.80438028062039,88.4947376209175,0,0
87.18462225038974,89.20658107353466,0,0
87.56107886580071,89.9113380393091,0,0
87.93378781050947,90.60907906506624,0,0
88.30278639302674,91.2998739953294,0,0
88.66811155045261,91.9837919793113,0,0
89.02979985217392,92.66090147783592,0,0
89.3878875035249,93.33127027019164,0,0
89.74241034941123,93.99496546091581,0,0
90.09340387789838,94.65205348651209,0,0
90.44090322376385,95.30260012210084,0,0
90.78494317201418,95.94667048800318,0,0
91.12555816136704,96.58432905625958,0,0
91.46278228769853,97.21563965708367,0,0
91.79664930745624,97.84066548525176,0,0
92.12719264103825,98.45946910642841,0,0
92.45444537613857,99.07211246342959,0,0
92.7784402710593,99.67865688242313,0,0
93.09920975798967,100,0,0
93.41678594625256,100,0,0
93.73120062551878,100,0,0
94.04248526898911,100,0,0
94.3506710365448,100,0,0
94.65578877786682,100,0,0
94.95786903552387,100,0,0
95.25694204802966,100,0,0
95.55303775286991,100,0,0
95.84618578949912,100,0,0
96.1364155023074,100,0,0
96.42375594355799,100,0,0
96.70823587629536,100,0,0
96.9898837772244,100,0,0
97.26872783956101,100,0,0
97.54479597585427,100,0,0
97.81811582078042,100,0,0
98.08871473390928,100,0,0
98.35661980244286,100,0,0
98.62185784392676,100,0,0
98.88445540893476,100,0,0
99.14443878372646,100,0,0
99.40183399287865,100,0,0
99.65666680189027,100,0,0
99.90896271976172,100,0,0
100,100,0,0
100,100,0,0
100,100,0,0
100,100,0,0
100,100,0,0
100,100,0,0
100,100,0,0
100,100,0,0
100,100,0,0
100,100,0,0
100,100,0,0
100,100,0,0
100,100,0,0
100,100,0,0
100,100,0,0
100,100,0,0
100,100,0,0
100,100,0,0
100,100,0,0
100,100,0,0
100,100,0,0
100,100,0,0
100,100,0,0
100,100,0,0
100,100,0,0
100,100,0,0
100,100,0,0
100,100,0,0
100,100,0,0
100,100,0,0
100,100,0,0
100,100,0,0
100,100,0,0
100,100,0,0
100,100,0,0
100,100,0,0
100,100,0,0
100,100,0,0
100,100,0,0
100,100,0,0
100,100,0,0
100,100,0,0
100,100,0,0
100,100,0,0
100,100,0,0
100,100,0,0
100,100,0,0
100,100,0,0
100,100,0,0
100,100,0,0
100,100,0,0
100,100,0,0
100,100,0,0
100,100,0,0
100,100,0,0
100,100,0,0
100,100,0,0
100,100,0,0
100,100,0,0
100,100,0,0
100,100,0,0
100,100,0,0
100,100,0,0
100,100,0,0
100,100,0,0
100,100,0,0
100,100,0,0
100,100,0,0
100,100,0,0
100,100,0,0
100,100,0,0
100,100,0,0
100,100,0,0
100,100,0,0
100,100,0,0
0,100,0,0
0,100,0,0
0,100,0,0
0,100,0,0
0,100,0,0
0,100,0,0
0,100,0,0
0,100,0,0
0,100,0,0
0,100,0,0
0,100,0,0.13999999999999999
0,100,0,0.41958014
0,100,0,0.6986013993001401
0,100,0,0.9770648951029391
0,100,0,1.2549717423776283
0,100,0,1.5323230538646153
0,100,0,1.80911994007994
0,100,0,2.0853635093197203
0,100,0,2.36105486766459
0,100,0,2.6361951189841286
0,100,0,2.7735589238651444
0,100,0,2.7735589238651444
0,100,0,2.7735589238651444
0,100,0,2.7735589238651444
0,100,0,2.910785364941279
0,100,0,3.1848267049967616
0,100,0,3.5948619161770594
0,100,0,4.003668251419414
0,100,0,4.411249393666242
0,100,0,4.817609014822174
0,100,0,5.2227507757871425
0,100,0,5.626678326489357
0,100,0,6.02939530591819
0,100,0,6.430905342156959
0,100,0,6.697909962377987
0,100,0,6.8312120524156095
0,100,0,6.8312120524156095
0,100,0,6.8312120524156095
0,100,0,6.9643808403631935
0,100,0,7.230319043063307
0,100,0,7.628229909660927
0,100,0,8.024948236993444
0,100,0,8.420477599102227
0,100,0,8.81482155931724
0,100,0,9.207983670289144
0,100,0,9.599967474021303
0,0,0,9.990776501901694
0,0,0,10.380414274734719
0,0,0,10.639523826599524
0,0,0,10.768884302772925
0,0,0,10.768884302772925
0,0,0,10.768884302772925
0,0,0,10.768884302772925
0,0,0,10.768884302772925
0,0,0,10.768884302772925
0,0,0,10.768884302772925
0,0,0,10.768884302772925
0,0,0,10.768884302772925
0,0,0,10.768884302772925
0,0,0,10.768884302772925
0,0,0,10.768884302772925
0,0,0,10.768884302772925
0,0,0,10.768884302772925
0,0,0,10.768884302772925
0,0,0,10.768884302772925
0,0,0,10.768884302772925
0,0,0,10.768884302772925
0,0,0,10.768884302772925
0,0,0,10.768884302772925
0,0,0,10.768884302772925
0,0,0,10.768884302772925
0,0,0,10.768884302772925
0,0,0,10.768884302772925
0,0,0,10.768884302772925
0,0,0,10.768884302772925
0,0,0,10.768884302772925
0,0,0,10.768884302772925
0,0,0,10.768884302772925
0,0,0,10.768884302772925
0,0,0,0
0,0,0,0
0,0,0,0
0,0,0,0
0,0,0,0
0,0,0,0
0,0,0,0
0,0,0,0
0,0,0,0
0,0,0,0
0,0,0,0
0,0,0,0
0,0,0,0
0,0,0,0
0,0,0,0
0,0,0,0
0,0,0,0
0,0,0,0
0,0,0,0
0,0,0,0
0,0,0,0
0.125,0,0,0
0.374625125,0,0,0
0.74812749812575,0.16,0,0
1.2443899737814736,0.47952016000000003,0,0
1.86193170474975,0.9576031976009599,0,0
2.5989155044118566,1.5928191664402862,0,0
3.453156952863056,2.38327258207968,0,0
4.422135183756566,3.326611845647175,0,0
5.503005277332389,4.42004089966471,0,0
6.69261217437163,5.660333035208404,0,0
7.870376392247537,7.0438467549854575,0,0
9.036415826249819,8.566543583195688,0,0
10.19084719800645,10.07408178207685,0,0
11.333786067167615,11.566612257599767,0,0
12.465346842973352,13.044284413448253,0,0
13.585642795705988,14.507246165974548,0,0
14.69478606802864,15.955643959005887,0,0
15.792887686210765,17.38962277850366,0,0
16.88005757124202,18.809326167076655,0,0
17.956404549835433,20.214896238349777,0,0
19.02203636532107,21.606473691189777,0,0
20.077059688431255,22.98419782378934,0,0
21.121580127978365,24.348206547610957,0,0
22.15570224142641,25.698636401191983,0,0
23.179529545357337,27.03562256381228,0,0
24.193164525833097,28.35929886902578,0,0
25.196708648654635,29.66979781805736,0,0
26.190262369518678,30.96725059306634,0,0
27.173925144073465,32.251787070277906,0,0
28.147795437874347,33.52353583298388,0,0
29.11197073624028,34.78262418441401,0,0
30.06654755401218,36.02917816047915,0,0
31.011621445214153,37.26332254238754,0,0
31.947287012618578,38.48518086913556,0,0
32.87363791721587,39.69487544987409,0,0
33.7907668875901,40.892527376151754,0,0
34.698765729201135,42.078256534036306,0,0
35.59772533357452,43.2521816161153,0,0
36.48773568739979,44.41442013337743,0,0
37.36888588153814,45.56508842697537,0,0
38.24126411994065,46.70430167987172,0,0
39.10495772847745,47.832173928368825,0,0
39.960053163679184,48.948818073524045,0,0
40.8066360213914,50.05434589245116,0,0
41.644791045342714,51.14886804950938,0,0
42.47460213562779,52.232494107381015,0,0
43.2961523571058,53.30533253803871,0,0
44.109523947715296,54.36749073360362,0,0
44.91479832670628,55.419075017095494,0,0
45.71205610279039,56.46019065307564,0,0
46.50137708220987,57.490941858184115,0,0
47.282840276726276,58.511431811571775,0,0
48.0565239115296,59.521762665228714,0,0
48.8225054330687,60.52203555420971,0,0
49.580861516803765,61.51235060675796,0,0
50.331668074881584,62.49280695432799,0,0
51.07500026373442,63.463502741508854,0,0
51.81093249160327,64.42453513584844,0,0
52.53953842598618,65.3760003375801,0,0
53.26089100101241,66.22421780705928,0,0
53.975062424743264,66.97180358758614,0,0
54.6821241864001,67.62105062308123,0,0
55.312459523043586,68.17394048129594,0,0
55.86801249335392,68.63215343609585,0,0
56.350487051364205,68.9970769806521,0,0
56.761355758322715,69.26981283194401,0,0
57.101867275134,69.45118247609295,0,0
57.373052688761746,69.54173129361686,0,0
57.575730717480475,69.54173129361686,0,0
57.71051183177623,69.54173129361686,0,0
57.77780131994445,69.54173129361686,0,0
57.77780131994445,69.54173129361686,0,0
57.77780131994445,69.54173129361686,0,0
57.77780131994445,69.54173129361686,0,0
57.77780131994445,69.54173129361686,0,0
57.77780131994445,69.54173129361686,0,0
57.77780131994445,69.54173129361686,0,0
57.77780131994445,69.54173129361686,0,0.13999999999999999
57.77780131994445,69.54173129361686,0,0.41958014
57.77780131994445,69.54173129361686,0,0.83790279790084
57.77780131994445,69.54173129361686,0,1.3937167706352507
57.77780131994445,69.54173129361686,0,2.0853635093197203
57.77780131994445,69.54173129361686,0,2.910785364941279
57.77780131994445,69.54173129361686,0,3.7312670542608823
57.77780131994445,69.54173129361686,0,4.546838144272575
57.77780131994445,69.54173129361686,0,5.357528025011355
57.77780131994445,69.54173129361686,0,6.1633659106122725
57.77780131994445,69.54173129361686,0,6.8312120524156095
57.77780131994445,69.54173129361686,0,7.363088724020244
57.77780131994445,69.54173129361686,0,7.760601679751266
57.77780131994445,69.54173129361686,0,8.024948236993444
57.77780131994445,69.54173129361686,0,8.15692328875645
57.77780131994445,69.54173129361686,0,8.15692328875645
57.77780131994445,69.54173129361686,0,8.15692328875645
57.77780131994445,69.54173129361686,0,8.15692328875645
57.77780131994445,69.54173129361686,0,8.15692328875645
57.77780131994445,69.54173129361686,0,8.15692328875645
57.77780131994445,69.54173129361686,0,8.15692328875645
57.77780131994445,69.54173129361686,0,8.15692328875645
57.77780131994445,69.54173129361686,0,8.15692328875645
0,69.54173129361686,0,8.15692328875645
0,69.54173129361686,0,8.15692328875645
0,69.54173129361686,0,8.15692328875645
0,69.54173129361686,0,8.15692328875645
0,69.54173129361686,0,8.15692328875645
0,69.54173129361686,0,8.15692328875645
0,69.54173129361686,0,8.15692328875645
0,69.54173129361686,0,8.15692328875645
0,69.54173129361686,0,8.15692328875645
0,69.54173129361686,0,8.15692328875645
0,69.54173129361686,0,8.15692328875645
0,69.54173129361686,0,8.15692328875645
0,69.54173129361686,0,8.15692328875645
0,69.54173129361686,0,8.15692328875645
0,69.54173129361686,0,8.15692328875645
0,69.54173129361686,0,8.15692328875645
0,69.54173129361686,0,8.15692328875645
0,69.54173129361686,0,8.15692328875645
0,69.54173129361686,0,8.15692328875645
0.125,69.54173129361686,0,8.15692328875645
0.374625125,69.54173129361686,0,8.15692328875645
0.74812749812575,69.63218956232325,0,0
1.2443899737814736,69.81283481538817,0,0
1.86193170474975,70.08312583963362,0,0
2.5989155044118566,70.4422541946077,0,0
3.453156952863056,70.88914824130637,0,0
4.422135183756566,71.42247846996304,0,0
5.503005277332389,72.04066408983607,0,0
6.69261217437163,72.74188083528249,0,0
7.870376392247537,73.52406993417348,0,0
9.036415826249819,74.38494817695221,0,0
10.19084719800645,75.23725627369924,0,0
11.333786067167615,76.08107954124499,0,0
12.465346842973352,76.91650244708049,0,0
13.585642795705988,77.7436086178129,0,0
14.69478606802864,78.56248084753642,0,0
15.792887686210765,79.37320110612009,0,0
16.88005757124202,80.1758505474132,0,0
17.956404549835433,80.9705095173687,0,0
19.02203636532107,81.75725756208585,0,0
20.077059688431255,82.5361734357731,0,0
21.121580127978365,83.30733510863125,0,0
22.15570224142641,84.07081977465846,0,0
23.179529545357337,84.82670385937736,0,0
24.193164525833097,85.57506302748531,0,0
25.196708648654635,86.31597219042862,0,0
26.190262369518678,87.04950551390114,0,0
27.173925144073465,87.77573642526835,0,0
28.147795437874347,88.4947376209175,0,0
29.11197073624028,89.20658107353466,0,0
30.06654755401218,89.9113380393091,0,0
31.011621445214153,90.60907906506624,0,0
31.947287012618578,91.2998739953294,0,0
32.87363791721587,91.9837919793113,0,0
33.7907668875901,92.66090147783592,0,0
34.698765729201135,93.33127027019164,0,0
35.59772533357452,93.99496546091581,0,0
36.48773568739979,94.65205348651209,0,0
37.36888588153814,95.30260012210084,0,0
38.24126411994065,95.94667048800318,0,0
39.10495772847745,96.58432905625958,0,0
39.960053163679184,97.21563965708367,0,0
40.8066360213914,97.84066548525176,0,0
41.644791045342714,98.45946910642841,0,0
42.47460213562779,99.07211246342959,0,0
43.2961523571058,99.67865688242313,0,0
44.109523947715296,100,0,0
44.91479832670628,100,0,0
45.63268879158198,100,0,0
46.265409435553636,100,0,0
46.81490089605952,100,0,0
47.282840276726276,100,0,0
47.6706496805285,100,0,0
47.979503414944546,100,0,0
48.21033392023046,100,0,0
48.36383646272392,100,0,0
48.44047262626119,100,0,0
48.44047262626119,100,0,0
48.44047262626119,100,0,0
48.44047262626119,100,0,0
48.44047262626119,100,0,0
48.44047262626119,100,0,0
48.51703215363493,100,0,0
48.669921606359814,100,0,0
48.89868292763563,100,0,0
49.202631892351825,100,0,0
49.580861516803765,100,0,0
50.03224656787764,100,0,0
50.55544914032949,100,0,0
51.14892526347068,100,0,0
51.81093249160327,100,0,0
52.53953842598618,100,0,0
53.26089100101241,100,0,0
53.975062424743264,100,0,0
54.611735922322424,100,0,0
55.172875100369225,100,0,0
55.66020104655064,100,0,0
56.07520112904333,100,0,0
56.41913656431284,100,0,0
56.69304880712984,100,0,0
56.897764808161824,100,0,0
57.03390117631031,100,0,0
57.101867275134,100,0,0
57.101867275134,100,0,0
57.101867275134,100,0,0
57.101867275134,100,0,0
57.101867275134,100,0,0
57.101867275134,100,0,0
57.101867275134,100,0,0
57.101867275134,100,0,0
57.101867275134,100,0,0
57.101867275134,100,0,0
57.101867275134,100,0,0
57.101867275134,100,0,0
57.101867275134,100,0,0
57.101867275134,100,0,0
57.101867275134,100,0,0
57.101867275134,100,0,0
57.101867275134,100,0,0
57.101867275134,100,0,0
57.101867275134,100,0,0
57.101867275134,100,0,0
57.101867275134,100,0,0
57.101867275134,100,0,0
57.101867275134,100,0,0
57.101867275134,100,0,0
57.101867275134,100,0,0
57.101867275134,100,0,0
57.101867275134,100,0,0
57.101867275134,100,0,0
57.101867275134,100,0,0
57.101867275134,100,0,0
0,100,0,0
0,100,0,0
0,100,0,0
0,100,0,0
0,100,0,0
0,100,0,0
0,100,0,0
0,100,0,0
0,100,0,0
0,100,0,0
0,100,0,0
0,100,0,0
0,100,0,0
0,100,0,0
0,100,0.10049999999999999,0
0,100,0.2008995,0
0,100,0.3011986005,0
0,100,0.4013974018995,0
0,100,0.6014945084931029,0
0,100,0.8011916209706252,0
0,100,1.000489538920305,0
0,100,1.1993890603320032,0
0,0,1.4969930906187991,0
0,0,1.7937052013292216,0
0,0,1.9910190846317646,0
0,0,2.1879385374815854,0
0,0,2.3844643483451597,0
0,0,2.580597304112818,0
0,0,2.6785167068087055,0
0,0,2.776338190101897,0
0,0,2.9716877900598835,0
0,0,3.1666468861675536,0
0,0,3.263980239281386,0
0,0,3.4583550427830625,0
0,0,3.7491889497614865,0
0,0,4.039151227229863,0
0,0,4.424416242975241,0
0,0,4.90383436619835,0
0,0,5.475979328006597,0
0,0,6.044699990784101,0
0,0,6.516032881910905,0
0,0,6.9850138172000165,0
0,0,7.544702878401634,0
0,0,8.10104218938657,0
0,0,8.654051798476818,0
0,0,9.20375163400476,0
0,0,9.65932082585717,0
0,0,10.11261672288882,0
0,0,10.473624293156748,0
0,0,10.92285680774761,0
0,0,11.458977799952986,0
0,0,11.991890097305628,0
0,0,12.52161290390836,0
0,0,12.960625934861925,0
0,0,13.310258544948043,0
0,0,13.745336226270307,0
0,0,14.264564622748555,0
0,0,14.6948803072043,0
0,0,15.208425663381515,0
0,0,15.718897440338802,0
0,0,16.141955989498715,0
0,0,16.562903472269845,0
0,0,16.898148571466052,0
0,0,17.232054700395423,0
0.125,0,17.564627206910554,0
0.374625125,0,17.813184602106816,0
0.74812749812575,0,17.978475546087203,0
1.1205104842657394,0,18.143436073470575,0
1.4917774382238844,0,18.225792637397106,0
1.86193170474975,0,18.225792637397106,0
2.353745641950115,0,18.225792637397106,0
2.8435952723185376,0,18.225792637397106,0
3.3314884413043604,0,18.225792637397106,0
3.817432963022168,0,18.225792637397106,0
4.180617237614558,0,18.225792637397106,0
4.422135183756566,0,18.225792637397106,0
4.54271304857281,0,18.225792637397106,0
4.663170335524237,0,18.225792637397106,0
4.783507165188713,0,18.225792637397106,0
4.903723658023524,0,18.225792637397106,0
4.903723658023524,0,18.225792637397106,0
4.903723658023524,0,18.225792637397106,0
4.903723658023524,0,18.225792637397106,0
4.903723658023524,0,18.225792637397106,0
4.903723658023524,0,18.225792637397106,0
4.903723658023524,0,18.225792637397106,0
4.903723658023524,0,18.225792637397106,0
4.903723658023524,0,18.225792637397106,0
4.903723658023524,0,18.225792637397106,0
4.903723658023524,0,18.225792637397106,0
4.903723658023524,0,18.225792637397106,0
4.903723658023524,0,18.225792637397106,0
4.903723658023524,0,18.225792637397106,0
4.903723658023524,0,18.225792637397106,0
4.903723658023524,0,18.225792637397106,0
4.903723658023524,0,18.225792637397106,0
4.903723658023524,0,18.225792637397106,0
4.903723658023524,0,18.225792637397106,0
4.903723658023524,0,18.225792637397106,0
4.903723658023524,0,18.225792637397106,0
4.903723658023524,0,18.225792637397106,0
4.903723658023524,0,18.225792637397106,0
4.903723658023524,0,18.225792637397106,0
4.903723658023524,0,18.225792637397106,0
4.903723658023524,0,18.308066844759708,0
4.903723658023524,0,18.390258777914948,0
4.903723658023524,0,18.47236851913703,0
4.903723658023524,0,18.554396150617894,0
4.903723658023524,0,18.636341754467274,0
0,0,18.718205412712805,0
0,0,18.79998720730009,0
0,0,18.9633055328727,0
0,0,19.126297385112487,0
0,0,19.288963416639646,0
0,0,19.370174453223008,0
0,0,19.451304278769786,0
0,0,19.532352974491015,0
0,0,19.613320621516525,0
0,0,19.775013093594115,0
0,0,19.93638234242002,0
0,0,20.097429014117527,0
0,0,20.17783158510341,0
0,0,20.258153753518304,0
0,0,20.338395599764784,0
0,0,20.41855720416502,0
0,0,20.498638646960853,0
0,0,20.57864000831389,0
0,0,20.658561368305577,0
0,0,20.658561368305577,0
0,0,20.658561368305577,0
0,0,20.658561368305577,0
0,0,20.658561368305577,0
0,0,20.658561368305577,0
0,0,20.658561368305577,0
0,0,20.658561368305577,0
0,0,20.658561368305577,0
0,0,20.658561368305577,0
0,0,20.658561368305577,0
0,0,20.658561368305577,0
0,0,20.658561368305577,0
0,0,20.658561368305577,0
0,0,20.658561368305577,0
0,0,20.658561368305577,0
0,0,20.658561368305577,0
0,0,20.658561368305577,0
0,0,20.658561368305577,0
0,0,20.658561368305577,0
0,0,20.658561368305577,0
0,0,20.658561368305577,0
0.125,0,20.658561368305577,0
0.374625125,0,20.658561368305577,0
0.74812749812575,0,20.658561368305577,0
1.2443899737814736,0,20.658561368305577,0
1.7386703751248749,0,20.658561368305577,0
2.2309766185686835,0,20.658561368305577,0
2.721316588907445,0,20.658561368305577,0
3.209698139443804,0,20.658561368305577,0
3.6961290921142824,0,20.658561368305577,0
4.180617237614558,0,20.658561368305577,0
4.54271304857281,0,20.658561368305577,0
4.783507165188713,0,20.658561368305577,0
5.0238199343655,0,20.658561368305577,0
5.263652318316704,0,20.658561368305577,0
5.622502272055057,0,20.658561368305577,0
6.099296475371082,0,20.658561368305577,0
6.69261217437163,0,20.658561368305577,0
7.400684254881871,0,20.658561368305577,0
8.221413991329594,0,20.658561368305577,0
9.152379410423569,0,20.658561368305577,0
10.19084719800645,0,20.658561368305577,0
11.333786067167615,0,20.658561368305577,0
12.465346842973352,0,20.658561368305577,0
13.585642795705988,0,20.658561368305577,0
14.69478606802864,0,20.658561368305577,0
15.792887686210765,0,20.658561368305577,0
16.88005757124202,0,20.658561368305577,0
17.956404549835433,0,20.658561368305577,0
19.02203636532107,0,20.658561368305577,0
20.077059688431255,0,20.658561368305577,0.13999999999999999
21.121580127978365,0,20.658561368305577,0.41958014
22.15570224142641,0,20.658561368305577,0.6986013993001401
23.179529545357337,0,20.658561368305577,0.9770648951029391
24.193164525833097,0,20.658561368305577,1.2549717423776283
25.096805454108743,0,20.658561368305577,1.6707907308107508
25.89323930861985,0,20.658561368305577,2.2232781458104007
26.58490885675496,0,20.658561368305577,2.910785364941279
27.173925144073465,0,20.658561368305577,3.7312670542608823
27.662078235376253,0,20.658561368305577,4.6822913061283025
28.050846284158506,0,20.658561368305577,5.626678326489357
28.341402994794038,0,20.658561368305577,6.564474436814802
28.534623530207444,0,20.658561368305577,7.628229909660927
28.63108890667724,0,20.658561368305577,8.81482155931724
28.63108890667724,0,20.658561368305577,10.120785725399791
28.63108890667724,0,20.658561368305577,11.413748861767218
28.63108890667724,0,20.658561368305577,12.693840395227724
28.63108890667724,0,20.658561368305577,13.961188464130146
28.63108890667724,0,20.658561368305577,15.215919931190697
28.63108890667724,0,0,16.458160396192067
28.63108890667724,0,0,17.688034208556047
28.63108890667724,0,0,18.905664479791053
28.63108890667724,0,0,20.111173095815676
28.63108890667724,0,0,21.304680729159596
28.63108890667724,0,0,22.48630685104299
28.63108890667724,0,0,23.65616974333575
28.63108890667724,0,0,24.814386510397565
28.63108890667724,0,0,25.961073090800202
28.63108890667724,0,0,27.096344268933052
28.63108890667724,0,0,28.220313686493174
28.63108890667724,0,0,29.333093853860905
28.63108890667724,0,0,30.434796161362275
28.63108890667724,0,0,31.52553089041926
28.63108890667724,0,0,32.60540722458911
28.63108890667724,0,0,33.67453326049363
28.63108890667724,0,0,34.733016018639844
28.63108890667724,0,0,35.7809614541328
28.63108890667724,0,0,36.818474467281774
28.63108890667724,0,0,37.84565891410091
28.63108890667724,0,0,38.86261761670527
28.63108890667724,0,0,39.86945237360347
28.63108890667724,0,0,40.866263969887775
28.63108890667724,0,0,41.85315218732275
0,0,0,42.83021581433356
0,0,0,43.7975526558948
0,0,0,44.75525954332076
0,0,0,45.70343234395843
0,0,0,46.6421659707839
0,0,0,47.57155439190319
0,0,0,48.40009073068926
0,0,0,49.221200000241694
0,0,0,50.034948777432035
0,0,0,50.84140304233117
0,0,0,51.64062818355911
0,0,0,52.43268900358676
0,0,0,53.21764972399026
0,0,0,53.99557399065818
0,0,0,54.76652487895198
0,0,0,55.53056489882027
0,0,0,56.371468243867405
0,0,0,57.20400029538258
0,0,0,58.028244390595695
0,0,0,58.84428303710456
0,0,0,59.65219792113394
0,0,0,60.45206991571249
0,0,0,61.24397908876814
0,0,0,62.02800471114304
0,0,0,62.80422526452856
0,0,0,63.57271844932147
0,0,0,64.33356119240177
0.125,0,0,65.08682965483315
0.374625125,0,0,65.83259923948681
0.74812749812575,0,0,66.57094459858934
1.2443899737814736,0,0,67.30193964119542
1.86193170474975,0,0,68.02565754058625
2.5989155044118566,0,0,68.67084158317748
3.453156952863056,0,0,69.31024214189668
4.422135183756566,0,0,69.87378484522361
5.503005277332389,0,0,70.43283495460064
6.69261217437163,0,0,70.987428285238
7.870376392247537,0,0,71.53760036682509
9.036415826249819,0,0,72.08338644580661
10.19084719800645,0,0,72.62482148764065
11.333786067167615,0,0,73.1619401790387
12.465346842973352,0,0,73.69477693018784
13.585642795705988,0,0,74.22336587695521
14.69478606802864,0,0,74.74774088307495
15.792887686210765,0,0,75.33266760677527
16.88005757124202,0,0,75.84819919746158
17.956404549835433,0,0,76.29591685833157
19.02203636532107,0,0,76.74050988199187
20.077059688431255,0,0,77.18200007539487
21.121580127978365,0,0,77.55796706036175
22.15570224142641,0,0,77.86955342883871
23.179529545357337,0,0,78.11770268090359
24.193164525833097,0,0,78.36486082386337
25.196708648654635,0,0,78.61103181621178
26.190262369518678,0,0,78.8562196006323
27.173925144073465,0,0,79.16132767595728
28.147795437874347,0,0,79.52544834567789
29.11197073624028,0,0,79.88738974591327
30.06654755401218,0,0,80.24716491963487
31.011621445214153,0,0,80.66418204491987
31.947287012618578,0,0,81.13721050431337
32.87363791721587,0,0,81.60646795437209
33.7907668875901,0,0,82.12991247333555
34.698765729201135,0,0,82.64866479172758
35.59772533357452,0,0,83.16276697082763
36.48773568739979,0,0,83.61587657144582
37.36888588153814,0,0,84.06537395698544
38.24126411994065,0,0,84.51128792422712
39.10495772847745,0,0,84.95364704038194
39.960053163679184,0,0,85.337817462384
40.8066360213914,0,0,85.71930674557838
41.644791045342714,0,0,86.15203546812482
42.47460213562779,0,0,86.58131445309262
43.2961523571058,0,0,87.00717120198264
44.109523947715296,0,0,87.4296329970523
44.91479832670628,0,0,87.90087817616028
45.71205610279039,0,0,88.36789907395745
46.50137708220987,0,0,88.77951307032615
47.282840276726276,0,0,89.18784565689421
48.0565239115296,0,0,89.64333007025084
48.8225054330687,0,0,90.0947314831228
49.580861516803765,0,0,90.54208649586884
50.331668074881584,0,0,90.98543138075914
51.07500026373442,0,0,91.42480208491611
51.81093249160327,0,0,91.86023423322918
52.53953842598618,0,0,92.24400713838169
53.26089100101241,0,0,92.62472058446987
53.975062424743264,0,0,93.04939656271085
54.6821241864001,0,0,93.47026570986353
55.38214706352054,0,0,93.88736215068108
56.00620733637971,0,0,94.30071970401957
56.55622971032078,0,0,94.71037188557993
57.03390117631031,0,0,95.11635191062554
57.440679636072986,0,0,95.47416686353897
57.77780131994445,0,0,95.82912929563518
58.04628705029417,0,0,96.22508068542228
58.24694739495815,0,0,96.61748273374124
58.38038674711563,0,0,97.00636725718671
58.44700636036851,0,0,97.39176578714667
58.44700636036851,0,0,97.73144101337245
58.44700636036851,0,0,98.02643476446116
58.44700636036851,0,0,98.31936974384658
58.44700636036851,0,0,98.61026031976837
58.44700636036851,0,0,98.94022163942962
58.44700636036851,0,0,99.2675524889958
58.44700636036851,0,0,99.59227383872158
58.44700636036851,0,0,99.91440649168568
58.44700636036851,0,0,100
58.44700636036851,0,0,100
58.44700636036851,0,0,100
58.44700636036851,0,0,100
58.44700636036851,0,0,100
58.44700636036851,0,0,100
58.44700636036851,0,0,100
58.44700636036851,0,0,100
58.44700636036851,0,0,100
58.44700636036851,0,0,100
58.44700636036851,0,0,100
58.44700636036851,0,0,100
58.44700636036851,0,0,100
58.44700636036851,0,0,100
58.44700636036851,0,0,100
58.44700636036851,0,0,100
58.44700636036851,0,0,100
58.44700636036851,0,0,100
58.44700636036851,0,0,100
58.44700636036851,0,0,100
58.44700636036851,0,0,100
0,0,0,100
0,0,0,100
0,0,0,100
0,0,0,100
0,0,0,100
0,0,0,100
0,0,0,100
0,0,0,100
0,0,0,100
0,0,0,100
0,0,0,100
0,0,0,100
0,0,0,100
0,0,0,100
0,0,0,100
0,0,0,100
0,0,0,100
0,0,0,100
0,0,0,100
0,0,0,100
0,0,0,100
0,0,0,100
0,0,0,100
0,0,0,100
0,0,0,100
0,0,0,100
0,0,0,100
0,0,0,100
0,0,0,100
0,0,0,100
0,0,0,100
0,0,0,100
0,0,0,100
0,0,0,100
0,0,0,100
0,0,0,100
0,0,0,100
0,0,0,100
0,0,0,100
0,0,0,100
0,0,0,100
0,0,0,100
0,0,0,100
0,0,0,100
0,0,0,100
0,0,0,100
0,0,0,100
0,0,0,100
0,0,0,100
0,0,0,100
0,0,0,100
0,0,0,100
0,0,0,100
0,0,0,100
0,0,0,100
0,0,0,100
0,0,0,100
0,0,0,100
0,0,0,100
0,0,0,100
0,0,0,100
0,0,0,100
0,0,0,0
0,0,0,0
0,0,0,0
0,0,0,0
0,0,0,0
0,0,0,0
0,0,0,0
0,0,0,0
0,0,0,0
0,0,0,0.13999999999999999
0,0,0,0.41958014
0,0,0,0.83790279790084
0,0,0,1.3937167706352507
0,0,0,2.0853635093197203
0,0,0,2.910785364941279
0,0,0,3.8675357872066214
0,0,0,4.952791405807352
0,0,0,6.1633659106122725
0,0,0,7.495725635296224
0,0,0,8.81482155931724
0,0,0,9.990776501901694
0,0,0,11.15619008574863
0,0,0,12.311156804481913
0,0,0,13.45577030467665
0,0,0,14.590123393452183
0,0,0,15.714308045997058
0,0,0,16.828415413026516
0,0,0,17.932535828173144
0,0,0,19.02675881531126
0,0,0,20.111173095815676
0,0,0,21.304680729159596
0,0,0,22.48630685104299
0,0,0,23.65616974333575
0,0,0,24.814386510397565
0,0,0,25.961073090800202
0,0,0,27.096344268933052
0,0,0,28.220313686493174
0,0,0,29.333093853860905
0,0,0,30.434796161362275
0,0,0,31.52553089041926
0,0,0,32.60540722458911
0,0,0,33.67453326049363
0,0,0,34.733016018639844
0,0,0,35.7809614541328
0,0,0,36.818474467281774
0,0,0,37.743402316417324
0,0,0,38.55859763236808
0,0,0,39.26656072639255
0,0,0,39.86945237360347
0,0,0,40.36910480706412
0,0,0,40.767031000888664
0,0,0,41.06443230821197
0,0,0,41.26220450802786
0,0,0,41.36094230351983
0,0,0,41.36094230351983
0,0,0,41.36094230351983
0,0,0,41.36094230351983
0,0,0,41.36094230351983
0,0,0,41.36094230351983
0,0,0,41.36094230351983
0,0,0,41.36094230351983
0,0,0,41.36094230351983
0,0,0,41.36094230351983
0,0,0,41.36094230351983
0,0,0,41.36094230351983
0,0,0,41.36094230351983
0,0,0,41.36094230351983
0,0,0,41.36094230351983
0,0,0,41.36094230351983
0,0,0,41.36094230351983
0,0,0,41.36094230351983
0,0,0,41.36094230351983
0,0,0,41.36094230351983
0,0,0,41.36094230351983
0,0,0,41.36094230351983
0,0,0,41.36094230351983
0,0,0,41.36094230351983
0,0,0,41.36094230351983
0,0,0,41.36094230351983
0,0,0,41.36094230351983
0,0,0,41.36094230351983
0,0,0,41.36094230351983
0,0,0,41.36094230351983
0,0,0,0
0,0,0,0
0,0,0,0
0,0,0,0
0,0,0,0
0,0,0,0
0,0,0,0
0,0,0,0
0,0,0,0
0,0,0,0
0,0,0,0
0,0,0,0
0,0,0,0
0,0,0,0
0,0,0,0
0,0,0,0
0,0,0,0
0,0,0,0.13999999999999999
0,0,0,0.41958014
0,0,0,0.83790279790084
0,0,0,1.3937167706352507
0,0,0,2.0853635093197203
0,0,0,2.910785364941279
0,0,0,3.8675357872066214
0,0,0,4.952791405807352
0,0,0,6.1633659106122725
0,0,0,7.495725635296224
0,0,0,8.81482155931724
0,0,0,10.120785725399791
0,0,0,11.413748861767218
0,0,0,12.693840395227724
0,0,0,13.961188464130146
0,0,0,15.215919931190697
0,0,0,16.458160396192067
0,0,0,17.688034208556047
0,0,0,18.905664479791053
0,0,0,20.111173095815676
0,0,0,21.304680729159596
0,0,0,22.48630685104299
0,0,0,23.65616974333575
0,0,0,24.814386510397565
0,0,0,25.961073090800202
0,0,0,27.096344268933052
0,0,0,28.220313686493174
0,0,0,29.333093853860905
0,0,0,30.434796161362275
0,0,0,31.52553089041926
0.125,0,0,32.60540722458911
0.374625125,0,0,33.67453326049363
0.74812749812575,0,0,34.733016018639844
1.2443899737814736,0,0,35.7809614541328
1.86193170474975,0,0,36.818474467281774
2.5989155044118566,0,0,37.84565891410091
3.453156952863056,0,0,38.86261761670527
4.422135183756566,0,0,39.86945237360347
5.503005277332389,0,0,40.866263969887775
6.69261217437163,0,0,41.85315218732275
7.870376392247537,0,0,42.83021581433356
9.036415826249819,0,0,43.7975526558948
10.19084719800645,0,0,44.75525954332076
11.333786067167615,0,0,45.70343234395843
12.465346842973352,0,0,46.6421659707839
13.585642795705988,0,0,47.57155439190319
14.69478606802864,0,0,48.49169063995857
15.792887686210765,0,0,49.402666821441215
16.88005757124202,0,0,50.304574125911124
17.956404549835433,0,0,51.19750283512533
19.02203636532107,0,0,52.08154233207515
20.077059688431255,0,0,52.956781109933516
21.121580127978365,0,0,53.82330678091323
22.15570224142641,0,0,54.68120608503701
23.179529545357337,0,0,55.53056489882027
24.193164525833097,0,0,56.371468243867405
25.196708648654635,0,0,57.20400029538258
26.190262369518678,0,0,58.028244390595695
27.173925144073465,0,0,58.763046083187746
28.147795437874347,0,0,59.41067162339995
29.11197073624028,0,0,59.9731073639478
29.971519073085265,0,0,60.45206991571249
30.72909143798288,0,0,60.84901488191473
31.387011405021497,0,0,61.16514423300114
31.947287012618578,0,0,61.401412374569695
32.41162098048757,0,0,61.55853095123293
32.781419336552425,0,0,61.6369724202817
33.057798515019364,0,0,61.6369724202817
33.241590975787844,0,0,61.6369724202817
33.33334938481205,0,0,61.6369724202817
33.33334938481205,0,0,61.6369724202817
33.33334938481205,0,0,61.6369724202817
33.33334938481205,0,0,61.6369724202817
33.33334938481205,0,0,61.6369724202817
33.33334938481205,0,0,61.6369724202817
33.33334938481205,0,0,61.6369724202817
33.33334938481205,0,0,61.6369724202817
33.33334938481205,0,0,61.6369724202817
33.33334938481205,0,0,61.6369724202817
33.33334938481205,0,0,61.6369724202817
33.33334938481205,0,0,61.6369724202817
33.33334938481205,0,0,61.6369724202817
33.33334938481205,0,0,61.6369724202817
33.33334938481205,0,0,61.6369724202817
33.33334938481205,0,0,61.6369724202817
33.33334938481205,0,0,61.6369724202817
33.33334938481205,0,0,61.6369724202817
33.33334938481205,0,0,61.6369724202817
33.33334938481205,0,0,61.6369724202817
33.33334938481205,0,0,61.6369724202817
33.33334938481205,0,0,61.6369724202817
33.33334938481205,0,0,61.6369724202817
33.33334938481205,0,0,61.6369724202817
33.33334938481205,0,0,61.71533544786142
33.33334938481205,0,0,61.871826492301146
33.33334938481205,0,0,62.105976706431896
33.33334938481205,0,0,62.33942517213674
33.33334938481205,0,0,62.649601818563866
33.33334938481205,0,0,63.03558107860655
0,0,0,63.496214663985455
0,0,0,64.03013725680196
0,0,0,64.6357732515894
0,0,0,65.31134450127078
0,0,0,65.90676664024733
0,0,0,66.49744204062996
0,0,0,67.08340854368424
0,0,0,67.73703898531402
0,0,0,68.31312335219454
0,0,0,68.88461514228185
0,0,0,69.45155096785503
0,0,0,70.013967149318
0,0,0,70.57189971752639
0,0,0,71.12538441609581
0,0,0,71.74278224698811
0,0,0,72.3546456719406
0,0,0,72.96102430183231
0,0,0,73.56196730282619
0,0,0,74.22336587695521
0,0,0,74.8781801490497
0,0,0,75.5264756666251
0,0,0,76.16831732466356
0,0,0,76.74050988199187
0,0,0,77.30757325724416
0,0,0,77.80736078962835
0,0,0,78.30316398785122
0,0,0,78.79501461524755
0,0,0,79.28294418193303
0,0,0,79.76698394682298
0,0,0,80.24716491963487
0,0,0,80.72351786287494
0,0,0,81.19607329380906
0,0,0,81.7231966249313
0,0,0,82.18778256086222
0,0,0,82.70601612693585
0,0,0,83.2196042038568
0,0,0,83.72858843417951
0,0,0,84.23301008717098
0,0,0,84.7329100621571
0,0,0,85.22832889183879
0,0,0,85.71930674557838
0,0,0,86.20588343265669
0,0,0,86.68809840550088
0,0,0,87.21882477212023
0,0,0,87.74426769418402
0,0,0,88.26447976901572
0,0,0,88.77951307032615
0,0,0,89.28941915342608
0,0,0,89.79424906038697
0,0,0,90.29405332515037
0,0,0,90.78888197858635
0,0,0,91.27878455350174
0,0,0,91.7638100895983
0,0,0,92.24400713838169
0,0,0,92.6720958638854
0,0,0,93.04939656271085
0,0,0,93.37706646572852
0,0,0,93.65610565469072
0,0,0,93.88736215068108
0,0,0,94.07153621065571
0,0,0,94.20918386256083
0,0,0,94.30071970401957
0,0,0,94.34641898431555
0,0,0,94.34641898431555
0,0,0,94.34641898431555
0,0,0,94.34641898431555
0,0,0,94.34641898431555
0,0,0,94.34641898431555
0,0,0,94.34641898431555
0,0,0,94.34641898431555
0,0,0,94.34641898431555
0,0,0,94.34641898431555
0,0,0,94.34641898431555
0,0,0,94.34641898431555
0,0,0,94.34641898431555
0,0,0,94.34641898431555
0,0,0,94.34641898431555
0,0,0,94.34641898431555
0,0,0,94.34641898431555
0,0,0,94.34641898431555
0,0,0,94.34641898431555
0,0,0,94.34641898431555
0,0,0,94.34641898431555
0,0,0,94.34641898431555
0,0,0,94.34641898431555
0,0,0,94.34641898431555
0,0,0,94.34641898431555
0,0,0,94.34641898431555
0,0,0,94.34641898431555
0,0,0,94.34641898431555
0,0,0,94.34641898431555
0,0,0,94.34641898431555
0,0,0,0
0,0,0,0
0,0,0,0
0,0,0,0
0,0,0,0
0,0,0,0
0,0,0,0
0,0,0,0
0,0,0,0
0,0,0,0.13999999999999999
0,0,0,0.41958014
0,0,0,0.6986013993001401
0,0,0,0.9770648951029391
0,0,0,1.2549717423776283
0,0,0,1.5323230538646153
0,0,0,1.80911994007994
0,0,0,2.0853635093197203
0,0,0,2.36105486766459
0,0,0,2.6361951189841286
0.125,0,0,2.7735589238651444
0.374625125,0,0,2.7735589238651444
0.74812749812575,0,0,2.7735589238651444
1.2443899737814736,0,0,2.7735589238651444
1.86193170474975,0,0,2.7735589238651444
2.5989155044118566,0,0,2.7735589238651444
3.453156952863056,0,0,2.7735589238651444
4.422135183756566,0,0,2.7735589238651444
5.503005277332389,0,0,2.7735589238651444
6.69261217437163,0,0,2.7735589238651444
7.870376392247537,0,0,2.7735589238651444
9.036415826249819,0,0,2.7735589238651444
10.19084719800645,0,0,2.7735589238651444
11.220006073240857,0,0,2.7735589238651444
12.127066548546411,0,0,2.7735589238651444
12.914810697708594,0,0,2.7735589238651444
13.697057152910283,0,0,2.7735589238651444
14.363207490240095,0,0,2.7735589238651444
14.91528619067865,0,0,2.7735589238651444
15.35496497786185,0,0,2.7735589238651444
15.683571257468234,0,0,2.7735589238651444
15.902094798524555,0,0,2.7735589238651444
16.01119270372603,0,0,2.7735589238651444
16.120181511022306,0,0,2.7735589238651444
16.229061329511282,0,0,2.7735589238651444
16.33783226818177,0,0,2.7735589238651444
16.33783226818177,0,0,2.7735589238651444
16.33783226818177,0,0,2.7735589238651444
16.33783226818177,0,0,2.7735589238651444
16.44649443591359,0,0,2.7735589238651444
16.663492893536198,0,0,0
16.988177513670777,0,0,0
17.419577164620456,0,0,0
17.956404549835433,0,0,0
18.597062607871564,0,0,0
19.339652428312167,0,0,0
20.181982628742823,0,0,0
21.121580127978365,0,0,0
22.15570224142641,0,0,0
23.179529545357337,0,0,0
24.193164525833097,0,0,0
25.196708648654635,0.16,0,0
26.190262369518678,0.47952016000000003,0,0
27.173925144073465,0.9576031976009599,0,0
28.147795437874347,1.5928191664402862,0,0
29.11197073624028,2.38327258207968,0,0
30.06654755401218,3.326611845647175,0,0
31.011621445214153,4.42004089966471,0,0
31.947287012618578,5.660333035208404,0,0
32.87363791721587,7.0438467549854575,0,0
33.7907668875901,8.566543583195688,0,0
34.698765729201135,10.07408178207685,0,0
35.59772533357452,11.566612257599767,0,0
36.48773568739979,13.044284413448253,0,0
37.36888588153814,14.507246165974548,0,0
38.24126411994065,15.955643959005887,0,0
39.10495772847745,17.38962277850366,0,0
39.960053163679184,18.809326167076655,0,0
40.8066360213914,20.214896238349777,0,0
41.644791045342714,21.606473691189777,0,0
42.47460213562779,22.98419782378934,0,0
43.2961523571058,24.348206547610957,0,0
44.109523947715296,25.698636401191983,0,0
44.91479832670628,27.03562256381228,0,0
45.71205610279039,28.35929886902578,0,0
46.50137708220987,29.66979781805736,0,0
47.282840276726276,30.96725059306634,0,0
48.0565239115296,32.251787070277906,0,0
48.8225054330687,33.52353583298388,0,0
49.580861516803765,34.78262418441401,0,0
50.331668074881584,36.02917816047915,0,0
51.07500026373442,37.26332254238754,0,0
51.81093249160327,38.48518086913556,0,0
52.53953842598618,39.69487544987409,0,0
53.26089100101241,40.892527376151754,0,0
53.975062424743264,42.078256534036306,0,0
54.6821241864001,43.2521816161153,0,0
55.38214706352054,44.41442013337743,0,0
56.07520112904333,45.56508842697537,0,0
56.761355758322715,46.70430167987172,0,0
57.440679636072986,47.832173928368825,0,0
58.11324076324387,48.948818073524045,0,0
58.77910646382751,50.05434589245116,0,0
59.43834339159762,51.14886804950938,0,0
60.09101753678162,52.232494107381015,0,0
60.73719423266631,53.30533253803871,0,0
61.376938162137805,54.36749073360362,0,0
62.0103133641563,55.419075017095494,0,0
62.63738324016654,56.46019065307564,0,0
63.25821056044425,57.490941858184115,0,0
63.87285747037952,58.511431811571775,0,0
64.48138549669768,59.521762665228714,0,0
65.08385555361815,60.52203555420971,0,0
65.68032794895191,61.51235060675796,0,0
66.27086239013855,62.49280695432799,0,0
66.85551799022292,63.463502741508854,0,0
67.43435327377239,64.42453513584844,0,0
68.0074261827353,65.3760003375801,0,0
68.57479408224096,66.31799358925221,0,0
69.13651376634188,67.25060918526235,0,0
69.69264146369902,68.17394048129594,0,0
70.2432328432103,69.08807990367144,0,0
70.78834301958307,69.99311895859222,0,0
71.32802655885116,70.88914824130637,0,0
71.86233748383702,71.77625744517552,0,0
72.39132927955939,72.65453537065314,0,0
72.9150548985873,73.52406993417348,0,0
73.43356676634055,74.38494817695221,0,0
73.94691678633765,75.23725627369924,0,0
74.45515634539134,76.08107954124499,0,0
74.95833631875253,76.91650244708049,0,0
75.45650707520284,77.7436086178129,0,0
75.9497184820967,78.56248084753642,0,0
76.43801991035298,79.37320110612009,0,0
76.92146023939722,80.1758505474132,0,0
77.40008786205442,80.9705095173687,0,0
77.87395068939311,81.75725756208585,0,0
78.34309615552152,82.5361734357731,0,0
78.80757122233557,83.30733510863125,0,0
79.2674223842199,84.07081977465846,0,0
79.72269567270197,84.82670385937736,0,0
80.17343666105992,85.57506302748531,0,0
80.61969046888437,86.31597219042862,0,0
81.06150176659509,87.04950551390114,0,0
81.49891477991238,87.77573642526835,0,0
81.93197329428429,88.42316078169921,0,0
82.36072065926945,88.99377534724412,0,0
82.74294273561205,89.48933027182986,0,0
83.07981835956332,89.9113380393091,0,0
83.37238077297197,90.26108116302919,0,0
83.62152290597395,90.53961868374999,0,0
83.82800192025105,90.74779151601517,0,0
83.9924430452284,90.88622668077466,0,0
84.1153427344294,90.95534045409389,0,0
84.19707116430327,90.95534045409389,0,0
84.23787409313897,90.95534045409389,0,0
84.23787409313897,90.95534045409389,0,0
84.23787409313897,90.95534045409389,0,0
84.23787409313897,90.95534045409389,0,0
84.23787409313897,90.95534045409389,0,0
84.23787409313897,90.95534045409389,0,0
84.23787409313897,90.95534045409389,0,0
84.23787409313897,90.95534045409389,0,0
84.23787409313897,90.95534045409389,0,0
84.23787409313897,90.95534045409389,0,0
84.23787409313897,90.95534045409389,0,0
84.23787409313897,90.95534045409389,0,0
84.23787409313897,90.95534045409389,0,0
84.23787409313897,90.95534045409389,0,0
84.23787409313897,90.95534045409389,0,0
84.23787409313897,90.95534045409389,0,0
84.23787409313897,90.95534045409389,0,0
84.23787409313897,90.95534045409389,0,0
84.23787409313897,90.95534045409389,0,0
84.23787409313897,90.95534045409389,0,0
84.23787409313897,90.95534045409389,0,0
84.23787409313897,90.95534045409389,0,0
84.23787409313897,90.95534045409389,0,0
84.23787409313897,90.95534045409389,0,0
84.23787409313897,90.95534045409389,0,0
84.23787409313897,90.95534045409389,0,0
84.23787409313897,90.95534045409389,0,0
84.23787409313897,90.95534045409389,0,0
84.23787409313897,90.95534045409389,0,0
84.23787409313897,90.95534045409389,0,0
84.23787409313897,90.95534045409389,0,0
0,90.95534045409389,0,0
0,90.95534045409389,0,0
0,90.95534045409389,0,0
0,90.95534045409389,0,0
0,90.95534045409389,0,0
0,90.95534045409389,0,0
0,90.95534045409389,0,0
0,90.95534045409389,0,0
0,90.95534045409389,0,0
0,90.95534045409389,0,0
0,90.95534045409389,0,0
0,90.95534045409389,0,0
0,90.95534045409389,0,0
0,90.95534045409389,0,0
0,90.95534045409389,0,0
0,90.95534045409389,0,0
0,90.95534045409389,0,0
0,90.95534045409389,0,0
0,90.95534045409389,0,0
0,90.95534045409389,0,0
0,90.95534045409389,0,0
0,90.95534045409389,0,0
0,90.95534045409389,0,0
0,90.95534045409389,0,0
0,90.95534045409389,0,0
0,90.95534045409389,0,0
0,90.95534045409389,0,0
0,90.95534045409389,0.10049999999999999,0
0,90.95534045409389,0.2008995,0
0,90.95534045409389,0.3011986005,0
0,90.95534045409389,0.4013974018995,0
0,90.95534045409389,0.5014960044976006,0
0,90.95534045409389,0.6014945084931029,0
0,90.95534045409389,0.8011916209706252,0
0,90.95534045409389,1.000489538920305,0
0,90.95534045409389,1.2986896712716711,0
0,90.95534045409389,1.5959960975281804,0
0,90.95534045409389,1.7937052013292216,0
0,90.95534045409389,1.9910190846317646,0
0,90.95534045409389,2.1879385374815854,0
0,90.95534045409389,2.3844643483451597,0
0,90.95534045409389,2.580597304112818,0
0,90.95534045409389,2.776338190101897,0
0,90.95534045409389,2.874061851911795,0
0,90.95534045409389,2.9716877900598835,0
0,90.95534045409389,2.9716877900598835,0
0,90.95534045409389,2.9716877900598835,0
0,0,2.9716877900598835,0
0,0,2.9716877900598835,0
0,0,3.0692161022698237,0
0,0,3.263980239281386,0
0,0,3.4583550427830625,0
0,0,3.7491889497614865,0
0,0,4.039151227229863,0
0,0,4.328244487462704,0
0,0,4.616471334905533,0
0,0,4.90383436619835,0
0,0,5.190336170199019,0
0,0,5.57100334867859,0
0,0,5.855505646571597,0
0,0,6.044699990784101,0
0,0,6.233516135502523,0
0,0,6.421954836747653,0
0,0,6.610016849028995,0
0,0,6.797702925347786,0
0,0,7.078528803382817,0
0,0,7.3585130459805494,0
0,0,7.6376581755232325,0
0,0,7.823289996830361,0
0,0,8.008550740126697,0
0,0,8.193441147197184,0
0,0,8.377961958343937,0
0,0,8.562113912389208,0
0,0,8.745897746678342,0
0,0,8.929314197082732,0
0,0,9.02088488288565,0
0,0,9.112363998002763,0
0,0,9.20375163400476,0
0,0,9.295047882370756,0
0,0,9.386252834488385,0
0,0,9.568389215072242,0
0,0,9.750161505031313,0
0,0,9.840911343526281,0
0,0,9.931570432182754,0
0,0,10.022138861750571,0
0,0,10.11261672288882,0
0,0,10.203004106165931,0
0,0,10.293301102059765,0
0,0,10.383507800957705,0
0,0,10.473624293156748,0
0,0,10.473624293156748,0
0,0,10.473624293156748,0
0,0,10.473624293156748,0
0,0,10.473624293156748,0
0,0,10.473624293156748,0
0,0,10.473624293156748,0
0,0,10.473624293156748,0
0,0,10.473624293156748,0
0,0,10.473624293156748,0
0,0,10.473624293156748,0
0,0,10.473624293156748,0
0,0,10.473624293156748,0
0,0,10.473624293156748,0
0,0,10.563650668863591,0
0,0,10.653587018194727,0
0,0,10.743433431176532,0
0,0,10.833189997745356,0
0,0,10.92285680774761,0
0,0,11.012433950939863,0
0,0,11.101921516988924,0
0,0,11.191319595471935,0
0,0,11.280628275876463,0
0,0,11.369847647600587,0
0,0,11.369847647600587,0
0,0,11.369847647600587,0
0,0,11.369847647600587,0
0,0,11.369847647600587,0
0,0,11.369847647600587,0
0,0,11.458977799952986,0
0,0,11.548018822153033,0
0,0,11.636970803330879,0
0,0,11.725833832527549,0
0,0,11.81460799869502,0
0,0,11.903293390696325,0
0,0,11.991890097305628,0
0,0,12.080398207208322,0
0,0,12.168817809001114,0
0,0,12.257148991192112,0
0,0,12.257148991192112,0
0,0,12.257148991192112,0
0,0,12.257148991192112,0
0,0,12.257148991192112,0
0,0,12.257148991192112,0
0,0,12.257148991192112,0
0,0,12.257148991192112,0
0,0,12.257148991192112,0
0,0,12.257148991192112,0
0,0,12.257148991192112,0
0,0,12.257148991192112,0
0,0,12.257148991192112,0
0,0,12.257148991192112,0
0,0,12.257148991192112,0
0,0,12.257148991192112,0
0,0,12.257148991192112,0
0,0,12.257148991192112,0
0,0,12.257148991192112,0
0,0,12.257148991192112,0
0,0,12.257148991192112,0
0,0,12.257148991192112,0
0,0,12.257148991192112,0
0,0,12.257148991192112,0
0,0,12.257148991192112,0
0,0,12.257148991192112,0
0,0,12.257148991192112,0
0,0,12.257148991192112,0
0,0,12.257148991192112,0
0,0,12.257148991192112,0
0,0,12.34539184220092,0
0,0,12.433546450358719,0
0,0,12.52161290390836,0
0,0,12.609591291004453,0
0,0,12.697481699713448,0
0,0,12.785284218013734,0
0,0,12.87299893379572,0
0,0,12.960625934861925,0
0,0,13.048165308927063,0
0,0,13.135617143618136,0
0,0,13.135617143618136,0
0,0,13.135617143618136,0
0,0,13.135617143618136,0
0,0,13.135617143618136,0
0,0,13.135617143618136,0
0,0,13.135617143618136,0
0,0,13.135617143618136,0
0,0,13.222981526474518,0
0,0,13.310258544948043,0
0,0,13.397448286403096,0
0,0,13.484550838116693,0
0,0,13.571566287278577,0
0,0,13.658494720991298,0
0,0,13.745336226270307,0
0,0,13.832090890044038,0
0,0,13.918758799153993,0
0,0,14.00534004035484,0
0,0,14.00534004035484,0
0,0,14.00534004035484,0
0,0,14.00534004035484,0
0,0,14.00534004035484,0
0,0,14.00534004035484,0
0,0,14.00534004035484,0
0,0,14.00534004035484,0
0,0,14.00534004035484,0
0,0,14.00534004035484,0
0,0,14.00534004035484,0
0,0,14.00534004035484,0
0,0,14.00534004035484,0
0,0,14.00534004035484,0
0,0,14.00534004035484,0
0,0,14.00534004035484,0
0,0,14.00534004035484,0
0,0,14.00534004035484,0
0,0,14.00534004035484,0
0,0,14.00534004035484,0
0,0,14.00534004035484,0
0,0,14.00534004035484,0
0,0,14.00534004035484,0
0,0,14.00534004035484,0
0,0,14.00534004035484,0
0,0,14.00534004035484,0
0,0,14.00534004035484,0
0,0,14.00534004035484,0
0,0,14.00534004035484,0
0,0,14.00534004035484,0
0,0,14.091834700314484,0
0,0,14.17824286561417,0
0,0,14.350800058125806,0
0,0,14.523012308809612,0
0,0,14.6948803072043,0
0,0,14.866404741470198,0
0,0,15.037586298392,0
0,0,15.208425663381515,0
0,0,15.378923520480416,0
0,0,15.549080552362975,0
0,0,15.634031471810612,0
0,0,15.718897440338802,0
0,0,15.718897440338802,0
0,0,15.718897440338802,0
0,0,15.718897440338802,0
0,0,15.718897440338802,0
0,0,15.718897440338802,0
0,0,15.718897440338802,0
0,0,15.718897440338802,0
0,0,15.718897440338802,0
0,0,15.718897440338802,0
0,0,15.718897440338802,0
0,0,15.718897440338802,0
0,0,15.718897440338802,0
0,0,15.718897440338802,0
0,0,15.718897440338802,0
0,0,15.718897440338802,0
0,0,15.718897440338802,0
0,0,15.718897440338802,0
0,0,15.718897440338802,0
0,0,15.718897440338802,0
0,0,15.718897440338802,0
0,0,15.718897440338802,0
0,0,15.718897440338802,0
0,0,15.718897440338802,0
0,0,15.718897440338802,0
0,0,15.718897440338802,0
0,0,15.718897440338802,0
0,0,15.718897440338802,0
0,0,15.718897440338802,0
0,0,15.718897440338802,0
0,0,15.718897440338802,0
0,0,15.718897440338802,0
0,0,15.718897440338802,0
0,0,15.718897440338802,0
0,0,15.718897440338802,0
0,0,15.718897440338802,0
0,0,15.718897440338802,0
0,0,15.718897440338802,0
0,0,15.718897440338802,0
0,0,15.718897440338802,0
0,0,15.718897440338802,0
0,0,15.718897440338802,0
0,0,15.718897440338802,0
0,0,15.718897440338802,0
0,0,15.718897440338802,0
0,0,15.718897440338802,0
0,0,15.718897440338802,0
0,0,15.718897440338802,0
0,0,15.718897440338802,0
0,0,15.718897440338802,0
0,0,15.718897440338802,0
0,0,15.718897440338802,0
0,0,15.718897440338802,0
0,0,15.718897440338802,0
0,0,15.718897440338802,0
0,0,15.718897440338802,0
0,0,15.718897440338802,0
0,0,15.718897440338802,0
