Frame,Happy,Engaged,Glasses,Left Eye,Right Eye,Looking Away,Mouth Move,Mouth Open,Yaw,Pitch,Roll
0,0,1,1,0,0,0,0,0,5,10,-10
1,0,1,1,0,0,0,0,0,0,10,-10
2,0,1,1,0,0,0,0,0,5,10,-5
3,0,1,1,0,0,0,0,0,5,15,-5
4,0,1,1,0,0,0,0,0,10,15,0
5,0,1,1,1,0,0,1,0,10,15,5
6,0,0,1,0,0,0,1,0,10,15,5
7,0,0,1,0,0,0,1,0,15,15,10
8,0,0,1,0,0,1,1,1,15,15,10
9,0,0,1,0,0,0,1,0,15,15,10
10,0,0,1,0,0,0,1,0,15,15,10
11,0,0,1,0,0,0,1,0,15,15,10
12,0,0,1,0,0,0,1,0,15,15,10
13,0,0,1,0,0,0,0,1,20,15,10
14,0,0,1,0,0,0,0,1,20,15,10
15,0,0,1,0,0,0,0,0,15,15,10
16,0,0,1,0,0,0,0,0,15,10,5
17,0,0,1,0,0,0,0,0,20,10,10
18,0,0,1,0,0,0,0,0,20,10,5
19,0,0,1,0,0,0,0,0,20,10,5
20,0,0,1,0,0,0,0,0,15,10,5
21,0,0,1,0,0,0,0,0,15,10,5
22,0,0,1,0,0,0,0,0,15,5,5
23,0,0,1,0,0,0,0,0,15,5,5
24,0,0,1,0,0,0,1,1,20,5,0
25,0,0,1,0,0,0,0,0,15,5,0
26,0,0,1,0,0,0,0,0,15,0,0
27,0,0,0,0,0,0,0,0,15,0,0
28,0,0,0,0,0,0,1,0,20,0,-5
29,0,0,0,0,0,0,0,0,20,0,0
30,0,0,0,0,0,0,0,0,20,0,0
31,0,0,1,0,0,0,0,0,20,0,-5
32,0,0,1,0,0,0,0,0,20,0,-5
33,0,0,0,0,0,0,0,0,20,0,-5
34,0,0,0,0,0,0,1,0,20,0,-5
35,0,0,0,0,0,0,0,0,20,0,-5
36,0,0,0,0,0,0,1,0,15,0,-5
37,0,0,0,0,0,0,1,0,20,0,-5
38,0,0,0,0,0,0,1,0,20,0,-10
39,0,0,0,0,0,0,1,0,20,0,-10
40,0,0,0,0,0,0,1,0,15,0,-5
41,0,0,0,0,0,0,1,0,20,-5,-10
42,0,0,0,0,0,0,1,0,15,-5,-10
43,0,0,0,0,0,0,1,0,15,-5,-10
44,0,0,0,0,0,0,1,0,20,-5,-10
45,0,0,0,0,0,0,1,0,15,-5,-10
46,0,0,0,0,0,0,0,0,15,-5,-10
47,0,0,0,0,0,0,1,0,15,-5,-10
48,0,0,0,0,0,0,1,0,15,-10,-10
49,0,0,0,0,0,0,0,0,15,-10,-10
50,0,0,0,0,0,0,0,0,15,-10,-10
51,0,0,0,0,0,0,0,0,15,-10,-10
52,0,0,0,0,0,0,1,0,15,-10,-10
53,0,0,0,0,0,0,0,0,15,-10,-10
54,0,0,0,0,0,0,1,0,15,-10,-10
55,0,1,0,0,0,0,1,0,10,-10,-10
56,0,0,1,0,0,0,1,0,10,-5,-10
57,0,0,1,0,0,0,1,0,10,-5,-10
58,0,0,1,0,0,0,1,0,10,-5,-10
59,0,1,0,0,0,0,0,0,10,-5,-10
60,0,0,0,0,0,0,0,0,15,-5,-5
61,0,1,0,0,0,0,0,0,10,-5,-10
62,0,0,0,0,0,0,0,0,15,-5,-10
63,0,1,0,0,0,0,0,0,10,-5,-10
64,0,1,0,0,0,0,0,0,10,-5,-10
65,0,1,0,0,0,0,0,0,10,-5,-10
66,0,1,0,0,0,0,0,0,10,-5,-10
67,0,1,0,0,0,0,0,0,10,-5,-10
68,0,1,0,0,0,0,1,0,10,-5,-10
69,0,1,0,0,0,0,1,0,10,-5,-10
70,0,0,0,0,0,1,1,0,10,-5,-10
71,0,1,0,0,0,0,1,0,10,-5,-5
72,0,1,1,0,0,0,1,0,10,-5,-10
73,0,0,1,0,0,0,1,0,20,-5,-10
74,0,1,1,0,0,1,1,0,10,-5,-10
75,0,0,0,0,0,1,1,0,15,-5,-5
76,0,1,0,0,0,1,1,0,10,-5,-10
77,0,1,0,0,0,1,1,0,10,-5,-10
78,0,0,0,0,0,0,0,0,10,-5,-10
79,1,1,0,0,0,1,1,0,10,-5,-5
80,0,0,0,0,0,0,1,0,15,-5,-10
81,0,0,0,0,0,0,0,0,10,-5,-10
82,1,0,0,0,0,1,1,0,10,-10,-10
83,0,1,0,0,0,1,1,0,10,-5,-5
84,0,0,0,0,0,1,1,0,15,-5,-10
85,0,0,0,0,0,0,0,0,15,-5,-10
86,0,1,0,0,0,1,1,0,10,-5,-10
87,0,1,0,0,0,1,1,0,10,-5,-5
88,1,1,0,0,0,1,1,0,10,-5,-10
89,0,0,0,0,0,0,1,0,15,-5,-5
90,0,0,0,0,0,0,0,0,10,-5,-5
91,0,1,0,0,0,0,1,0,10,-5,-10
92,0,1,0,0,0,0,1,0,10,-10,-10
93,0,0,0,0,0,0,1,0,15,-10,-5
94,0,0,0,0,0,0,1,0,15,-10,-10
95,0,1,0,0,0,1,1,0,10,-5,-10
96,0,0,0,0,0,0,1,0,10,-5,-10
97,0,0,0,0,0,1,1,0,15,-5,-5
98,0,0,0,0,0,1,1,0,15,-5,-5
99,0,0,0,0,0,0,1,0,10,-10,-10
100,0,1,0,0,0,1,1,0,10,-5,-10
101,0,1,0,0,0,0,1,0,10,-10,-10
102,0,0,0,0,0,1,1,0,15,-10,-10
103,0,0,0,0,0,1,1,0,15,-5,-10
104,0,0,0,0,0,1,0,0,10,-5,-10
105,0,0,0,0,0,1,0,0,15,-10,-10
106,0,0,0,0,0,1,1,0,15,-5,-10
107,1,1,1,0,0,0,1,0,10,-10,-10
108,0,0,1,0,0,0,0,0,15,-5,-10
109,0,1,1,0,0,1,0,0,10,-5,-10
110,0,1,0,0,0,1,0,0,10,-5,-10
111,0,0,0,0,0,0,0,0,15,-5,-5
112,1,0,1,0,0,1,0,0,15,-5,-10
113,0,1,1,0,0,0,0,0,10,-5,-10
114,0,0,1,0,0,1,0,0,15,-5,-10
115,0,0,0,0,0,1,0,0,15,-5,-10
116,0,1,0,0,0,1,0,0,10,-5,-10
117,0,1,0,0,0,0,0,0,10,-5,-10
118,0,0,0,0,0,0,0,0,15,-5,-10
119,0,1,0,0,0,1,1,0,10,-5,-10
120,0,1,0,0,0,0,1,0,10,-5,-10
121,0,1,0,0,0,1,1,0,10,-5,-10
122,0,0,0,0,0,1,1,0,15,-5,-10
123,0,1,0,0,0,1,1,0,10,-5,-10
124,0,1,0,0,0,0,1,0,10,-5,-10
125,0,1,0,0,0,1,1,0,10,-5,-10
126,0,1,0,0,0,0,1,0,10,-5,-10
127,0,1,0,0,0,1,1,0,10,-5,-10
128,0,0,0,0,0,0,1,0,10,-5,-10
129,0,0,1,0,0,0,1,0,10,-5,-10
130,0,0,1,0,0,0,1,0,15,-5,-10
131,0,0,1,0,0,1,1,0,15,-5,-10
132,0,1,0,0,0,1,1,0,10,-5,-10
133,0,1,0,0,0,1,1,0,10,-5,-10
134,0,1,0,0,0,0,1,0,10,-5,-10
135,0,1,0,0,0,1,1,0,10,-5,-10
136,0,1,0,0,0,0,1,0,10,-5,-10
137,0,1,0,0,0,1,1,0,10,-5,-10
138,0,1,1,0,0,1,1,0,10,-5,-10
139,0,1,1,0,0,1,1,0,10,-5,-10
140,0,0,1,0,0,0,1,0,10,-5,-10
141,0,0,0,0,0,1,1,0,10,-5,-10
142,0,0,0,0,0,0,1,0,10,-5,-10
143,0,1,0,0,0,1,1,0,10,-5,-10
144,0,1,1,0,0,0,1,0,10,-5,-10
145,0,1,1,0,0,0,1,0,10,-5,-10
146,0,1,0,0,0,1,1,0,10,-5,-10
147,0,1,0,0,0,1,1,0,10,-5,-10
148,0,1,0,0,0,0,1,0,10,-5,-10
149,0,1,0,0,0,0,1,0,10,-5,-10
150,0,1,0,0,0,1,1,0,10,-5,-10
151,0,1,0,0,0,0,1,0,10,-5,-10
152,0,1,0,0,0,1,1,0,10,-5,-10
153,0,1,0,0,0,1,1,0,10,-5,-10
154,0,1,0,0,0,0,1,0,10,-5,-10
155,0,1,0,0,0,1,1,0,10,-5,-10
156,0,1,0,0,0,0,1,0,10,0,-10
157,0,0,0,0,0,1,1,0,10,0,-10
158,0,1,0,0,0,0,0,0,10,0,-10
159,0,1,0,0,0,0,0,0,10,0,-10
160,0,1,0,0,0,1,0,0,10,0,-10
161,0,0,0,0,0,0,0,0,10,0,-10
162,0,1,0,0,0,1,0,0,10,0,-10
163,0,1,0,0,0,1,0,0,10,0,-10
164,0,1,0,0,0,1,0,0,10,0,-10
165,0,0,0,0,0,1,0,0,10,0,-10
166,0,1,0,0,0,1,0,0,10,0,-10
167,0,1,0,0,0,1,0,0,10,0,-10
168,0,1,0,0,0,0,1,0,10,0,-10
169,0,1,0,0,0,0,1,0,10,0,-10
170,0,0,0,0,0,0,1,0,15,0,-10
171,0,0,0,0,0,0,1,0,10,0,-10
172,0,1,0,0,0,1,1,0,10,0,-10
173,0,0,0,0,0,1,0,0,10,0,-10
174,0,1,0,0,0,0,0,0,10,0,-10
175,0,1,0,0,0,0,0,0,10,0,-10
176,0,1,0,0,0,0,0,0,10,0,-10
177,0,0,0,0,0,1,1,0,15,0,-10
178,0,1,0,0,0,0,1,0,10,0,-10
179,0,1,0,0,0,0,0,0,10,0,-10
180,0,0,0,0,0,1,0,0,15,0,-10
181,0,0,0,0,0,1,0,0,10,0,-10
182,0,0,0,0,0,1,0,0,15,0,-10
183,0,0,0,0,0,1,0,0,15,0,-10
184,0,1,0,0,0,1,0,0,10,0,-10
185,0,1,0,0,0,0,0,0,10,0,-10
186,0,1,0,0,0,0,0,0,10,0,-10
187,0,1,0,0,0,0,1,0,10,0,-10
188,0,1,1,0,0,1,1,0,10,0,-10
189,0,1,1,0,0,1,1,0,10,0,-10
190,0,1,1,0,0,1,1,0,10,0,-10
191,0,0,0,0,0,1,1,0,15,0,-10
192,0,1,0,0,0,1,1,0,10,0,-10
193,0,1,0,0,0,1,0,0,10,0,-10
194,0,1,0,0,0,0,1,0,10,0,-10
195,0,1,0,0,0,0,1,0,10,0,-10
196,0,1,0,0,0,0,1,0,10,0,-10
197,0,1,0,0,0,0,0,0,10,0,-10
198,0,0,0,0,0,1,0,0,15,0,-10
199,0,1,0,0,0,0,0,0,10,0,-10
200,0,1,0,0,0,1,0,0,10,0,-10
201,0,1,0,0,0,1,0,0,10,0,-10
202,0,0,1,0,0,0,1,0,15,0,-10
203,0,0,1,0,0,0,1,0,15,0,-10
204,0,0,0,0,0,0,0,0,15,5,-10
205,0,0,0,0,0,0,1,0,15,0,-10
206,0,0,0,0,0,0,1,0,15,0,-10
207,0,0,0,0,0,0,1,0,15,0,-10
208,0,0,0,0,0,0,0,0,15,0,-10
209,0,0,0,0,0,1,0,0,15,0,-10
210,0,0,0,0,0,0,1,0,15,0,-10
211,0,0,0,0,0,0,1,0,15,0,-10
212,0,0,0,0,0,0,1,0,15,0,-10
213,0,0,0,0,0,1,1,0,15,0,-10
214,0,0,0,0,0,0,1,0,15,0,-10
215,0,0,1,0,0,0,1,0,15,0,-10
216,0,0,1,0,0,1,1,0,15,0,-10
217,0,0,1,0,0,0,1,0,20,0,-10
218,0,0,0,0,0,0,1,0,15,0,-10
219,0,0,0,0,0,0,1,0,15,0,-10
220,0,0,0,0,0,0,1,0,15,0,-10
221,0,0,0,0,0,0,1,0,15,0,-10
222,0,0,0,0,0,0,1,0,15,0,-10
223,0,0,0,0,0,0,1,0,15,0,-10
224,0,0,0,0,0,0,1,0,15,0,-10
225,0,0,0,1,0,0,0,0,15,0,-10
226,0,0,0,0,0,0,0,0,15,0,-10
227,0,0,0,0,0,1,0,0,15,0,-10
228,0,0,0,0,0,0,0,0,20,0,-10
229,0,0,0,0,0,0,0,0,15,0,-10
230,0,0,1,0,0,1,0,0,15,0,-10
231,0,0,1,0,0,0,1,0,15,0,-10
232,0,0,1,0,0,0,1,0,20,0,-10
233,0,0,0,0,0,0,1,0,15,0,-10
234,0,0,0,0,0,0,0,0,10,0,-10
235,0,0,0,0,0,1,0,0,15,0,-10
236,0,0,0,0,0,0,0,0,15,0,-10
237,0,0,0,0,0,1,0,0,15,0,-10
238,0,0,0,0,0,0,0,0,15,0,-10
239,0,0,0,0,0,0,0,0,15,0,-10
240,0,0,0,0,0,0,0,0,15,0,-10
241,0,0,0,0,0,0,0,0,15,0,-10
242,0,0,0,0,0,1,0,0,15,0,-10
243,0,0,0,0,0,0,0,0,15,0,-10
244,0,0,0,0,0,0,0,0,15,0,-10
245,0,0,0,0,0,1,0,0,15,0,-10
246,0,0,0,0,0,0,1,0,15,0,-10
247,0,0,0,0,0,0,1,0,15,-5,-10
248,0,0,0,0,0,0,0,0,15,0,-10
249,0,0,0,0,0,0,1,0,15,0,-10
250,0,0,0,0,0,0,1,0,15,-5,-10
251,0,0,0,0,0,0,1,0,15,0,-10
252,0,0,0,0,0,0,0,0,15,-5,-10
253,0,0,0,0,0,0,1,0,15,-5,-10
254,0,0,0,0,0,0,1,0,15,-5,-10
255,0,0,0,0,0,1,1,0,15,-5,-10
256,0,0,0,0,0,0,1,0,15,-5,-10
257,0,0,0,0,0,0,1,0,15,-5,-10
258,0,0,0,0,0,1,1,0,15,-5,-10
259,0,0,0,0,0,0,1,0,15,-5,-10
260,0,0,0,0,0,0,1,0,15,-10,-10
261,0,0,0,0,0,1,0,0,15,-10,-10
262,0,0,0,0,0,1,0,1,20,-10,-10
263,0,0,0,0,0,0,1,0,15,-10,-10
264,1,0,0,0,0,0,0,0,15,-10,-10
265,0,0,0,0,0,0,0,0,15,-15,-10
266,0,0,0,0,0,1,0,0,15,-15,-10
267,1,0,0,0,0,0,0,0,15,-15,-15
268,0,0,0,0,0,0,0,0,15,-15,-15
269,1,0,0,0,0,1,1,0,15,-15,-15
270,0,0,0,0,0,0,1,0,15,-15,-10
271,0,0,0,0,0,0,1,1,20,-15,-10
272,0,0,0,0,0,1,0,1,20,-20,-10
273,1,0,0,0,0,0,1,1,15,-20,-15
274,1,0,0,0,0,0,0,1,15,-20,-10
275,0,0,0,0,0,0,0,1,20,-20,-15
276,0,0,0,0,0,0,0,1,15,-20,-10
277,0,0,0,0,0,0,0,0,20,-20,-10
278,1,0,0,0,0,0,1,1,20,-20,-10
279,0,0,0,0,0,0,1,1,20,-20,-10
280,0,0,0,0,0,0,0,1,20,-20,-10
281,0,0,0,0,0,0,0,1,20,-20,-15
282,0,0,0,0,0,0,0,1,20,-20,-15
283,0,0,0,0,0,0,0,1,20,-20,-10
284,0,0,0,0,0,0,0,1,20,-20,-10
285,0,0,0,0,0,0,0,0,15,-20,-10
286,0,0,0,0,0,0,0,1,20,-20,-15
287,0,0,0,0,0,0,0,1,20,-20,-10
288,0,0,0,0,0,0,0,1,20,-20,-10
289,0,0,0,0,0,0,0,1,20,-20,-15
290,0,0,0,0,0,0,0,1,20,-20,-10
291,0,0,0,0,0,0,1,0,15,-20,-15
292,0,0,0,0,0,0,1,1,15,-20,-15
293,0,0,0,0,0,0,1,1,20,-20,-10
294,-1,0,-1,-1,-1,-1,-1,1,30,-20,-10
295,1,0,1,0,0,0,1,0,15,-20,-15
296,0,0,1,0,0,0,0,1,15,-20,-15
297,0,0,0,0,0,0,0,1,20,-20,-10
298,1,0,0,0,0,0,1,0,15,-20,-15
299,1,0,0,0,0,0,1,1,20,-20,-15
300,0,0,0,0,0,1,1,1,15,-20,-15
301,0,0,0,0,0,0,0,0,15,-20,-10
302,0,0,0,0,0,0,1,1,20,-20,-15
303,1,0,0,0,0,0,1,0,15,-20,-15
304,0,0,0,0,0,0,1,0,15,-20,-15
305,0,0,0,0,0,0,1,1,15,-20,-10
306,0,0,0,0,0,0,1,1,15,-20,-15
307,1,0,0,0,0,0,0,1,15,-20,-15
308,0,0,0,0,0,0,1,1,25,-20,-10
309,1,0,0,0,0,1,1,1,15,-20,-15
310,1,0,0,0,0,0,1,1,15,-20,-15
311,0,0,0,0,0,0,1,1,15,-20,-15
312,0,0,0,0,0,0,1,1,20,-20,-15
313,0,0,0,0,0,0,1,1,20,-20,-15
314,0,0,0,0,0,0,0,1,15,-20,-15
315,0,0,0,0,0,0,1,0,15,-20,-15
316,1,0,0,0,0,0,1,1,20,-20,-15
317,0,0,0,0,0,0,1,1,20,-20,-15
318,0,0,0,0,0,0,1,1,15,-20,-15
319,0,0,0,0,0,0,1,1,20,-20,-15
320,0,0,0,0,0,0,1,0,15,-15,-10
321,0,0,0,0,0,0,1,1,20,-15,-10
322,0,0,0,0,0,0,1,1,20,-15,-10
323,1,0,0,0,0,0,1,1,20,-20,-15
324,0,0,0,0,0,0,1,1,15,-20,-15
325,0,0,0,0,0,0,1,1,15,-15,-15
326,0,0,0,0,0,0,1,1,20,-20,-15
327,0,0,0,0,0,0,1,1,15,-20,-15
328,0,0,0,0,0,0,1,1,15,-15,-10
329,1,0,0,0,0,0,0,1,15,-15,-15
330,0,0,0,0,0,0,0,1,15,-15,-10
331,0,0,0,0,0,0,1,1,25,-20,-15
332,0,0,0,0,0,0,0,1,15,-15,-15
333,1,0,0,0,0,1,0,0,15,-15,-10
334,1,0,0,0,0,1,0,1,15,-15,-15
335,1,0,0,0,0,0,1,0,15,-15,-10
336,0,0,0,0,0,1,1,0,15,-15,-10
337,0,0,0,0,0,1,1,0,15,-10,-10
338,0,0,0,0,0,0,1,0,10,-10,-10
339,0,0,0,0,0,0,1,0,15,-10,-10
340,0,0,0,0,0,0,0,0,15,-10,-10
341,0,0,0,0,0,0,1,0,15,-5,-10
342,0,0,0,0,0,0,1,0,15,-5,-10
343,0,0,0,0,0,1,1,0,15,0,-10
344,0,0,0,0,0,1,1,0,15,0,-10
345,0,0,0,0,0,0,1,0,10,5,-10
346,0,0,0,0,0,0,0,0,15,5,-10
347,0,0,0,0,0,0,0,0,15,5,-5
348,0,0,0,0,0,0,0,0,15,5,-10
349,0,0,0,0,0,0,0,1,20,5,-10
350,0,0,0,0,0,0,0,0,15,5,-10
351,0,0,0,0,0,0,0,0,15,5,-10
352,0,0,0,0,0,0,1,0,15,5,-10
353,0,0,0,0,0,0,1,0,10,5,-10
354,0,0,0,0,0,0,1,0,15,5,-10
355,0,0,0,0,0,0,1,0,15,5,-10
356,0,1,0,0,0,0,1,0,10,5,-10
357,0,1,0,0,0,0,0,0,10,5,-10
358,0,1,0,0,0,0,0,0,10,5,-10
359,0,0,0,1,1,0,0,0,10,5,-10
360,0,0,0,1,1,0,0,0,5,5,-10
361,0,0,0,1,1,0,0,0,10,5,-10
362,0,1,0,1,0,0,0,0,5,5,-10
363,0,1,0,0,0,0,0,0,5,0,-15
364,0,1,0,0,0,1,0,0,5,0,-10
365,0,1,0,0,0,0,0,0,5,0,-10
366,0,1,0,0,0,0,0,0,5,-10,-10
367,0,1,0,0,0,0,0,0,-5,-10,-10
368,0,1,0,0,0,0,1,0,-5,-10,-10
369,0,1,0,0,0,0,0,0,5,-10,-10
370,0,1,0,0,0,0,1,0,-5,-10,-10
371,0,1,0,0,0,0,1,0,-5,-10,-10
372,0,1,0,0,0,0,1,0,0,-15,-10
373,0,1,0,0,0,0,1,0,-5,-15,-10
374,0,1,0,0,0,0,1,0,0,-15,-10
375,0,1,0,0,0,0,0,0,5,-15,-10
376,0,1,0,0,0,0,0,0,0,-15,-10
377,0,1,0,0,0,0,0,0,5,-15,-10
378,0,1,0,0,0,0,0,0,5,-15,-10
379,0,1,0,0,0,0,0,0,5,-15,-10
380,0,0,0,0,0,0,0,0,10,-15,-10
381,0,0,0,0,0,0,0,0,5,-15,-15
382,0,0,0,0,0,0,0,0,10,-20,-10
383,0,0,0,0,0,0,0,0,10,-15,-10
384,0,0,0,0,0,1,0,0,10,-15,-10
385,0,0,0,0,0,0,0,0,10,-15,-10
386,0,0,0,0,0,0,0,0,10,-15,-10
387,0,0,0,0,0,0,0,0,15,-15,-10
388,0,0,0,0,0,0,0,0,15,-15,-10
389,0,0,0,0,0,0,0,0,10,-15,-10
390,0,0,0,0,0,0,0,0,10,-15,-10
391,0,0,0,0,0,0,0,0,10,-10,-10
392,0,0,0,0,0,0,1,0,10,-10,-10
393,0,0,0,0,0,0,1,0,10,-10,-10
394,0,0,0,0,0,0,0,0,10,-10,-10
395,0,1,0,0,0,0,1,0,10,-10,-10
396,0,1,0,0,0,0,1,0,10,-10,-10
397,0,0,0,0,0,0,0,0,10,-10,-10
398,0,1,0,0,0,0,1,0,10,-10,-10
399,0,0,0,0,0,0,1,0,10,-10,-10
400,0,0,0,0,0,0,1,0,10,-10,-10
401,0,0,0,0,0,0,1,0,10,-10,-10
402,0,1,0,0,0,0,1,0,5,-10,-10
403,0,1,0,0,0,0,1,0,10,-10,-10
404,0,0,0,0,0,0,0,0,10,-10,-10
405,0,1,0,0,0,0,0,0,10,-10,-10
406,0,1,0,0,0,0,0,0,10,-10,-10
407,0,0,0,0,0,0,0,0,10,-10,-10
408,0,1,0,0,0,0,0,0,10,-10,-10
409,0,1,0,0,0,1,0,0,10,-5,-10
410,0,1,0,0,0,0,0,0,5,-5,-10
411,0,1,0,0,0,0,1,0,5,-5,-10
412,0,1,0,0,0,0,1,0,10,-5,-10
413,0,1,0,0,0,0,0,0,10,0,-10
414,0,0,0,0,0,0,0,0,5,0,-10
415,0,1,0,0,0,0,0,0,5,0,-10
416,0,1,0,0,0,0,0,0,5,0,-10
417,0,0,0,0,0,0,0,0,5,0,-10
418,0,1,0,0,0,0,0,0,10,0,-10
419,0,1,0,0,0,0,0,0,10,0,-10
420,0,1,0,0,0,0,0,0,5,0,-10
421,0,1,0,0,0,0,0,0,10,0,-10
422,0,1,0,0,0,0,1,0,10,0,-5
423,0,1,0,0,0,0,1,0,10,0,-10
424,0,1,0,0,0,0,1,0,10,0,-5
425,0,1,0,0,0,0,1,0,10,0,-10
426,0,1,0,0,0,0,0,0,10,0,-10
427,0,0,0,0,0,1,0,0,10,0,-10
428,0,0,0,0,0,1,1,0,20,0,-10
429,0,0,0,0,0,0,1,0,10,0,-5
430,0,0,0,0,0,0,0,0,15,0,-5
431,0,0,0,0,0,0,1,0,15,0,-5
432,0,0,0,0,0,0,1,0,15,0,-5
433,0,0,0,0,0,0,0,0,15,0,-5
434,0,0,0,0,0,1,0,0,15,0,-5
435,0,0,0,0,0,0,1,0,15,0,-5
436,0,0,0,0,0,1,1,0,15,0,-5
437,0,0,0,0,0,0,0,0,15,0,-5
438,0,0,0,0,0,0,1,0,15,0,-5
439,0,0,0,0,0,0,1,0,15,0,-5
440,0,0,0,0,0,0,1,0,10,0,-10
441,0,0,0,0,0,0,1,0,15,0,-5
442,0,0,0,0,0,0,1,0,15,-5,-5
443,0,0,0,0,0,0,1,0,10,-5,-10
444,0,0,0,0,0,0,1,0,15,-5,-5
445,0,0,0,1,1,0,0,0,15,-5,-5
446,0,0,0,0,1,1,0,0,10,-5,-10
447,0,1,0,1,0,0,0,0,10,-5,-5
448,0,0,0,0,0,0,0,0,10,-5,-10
449,0,0,0,0,0,0,0,0,10,-5,-5
450,0,0,0,0,0,0,0,0,10,-5,-10
451,0,0,0,0,0,0,0,0,15,-5,-5
452,0,1,0,0,0,0,0,0,5,-5,-5
453,0,1,0,0,0,0,0,0,5,-5,-10
454,0,1,0,0,0,0,0,0,0,-5,-10
455,0,1,0,0,0,0,0,0,0,-5,-10
456,0,1,0,0,0,0,0,0,0,-5,-10
457,0,1,0,0,0,0,0,0,5,-5,-10
458,0,1,0,0,0,1,0,0,-10,-5,-10
459,0,1,0,0,0,0,0,0,-10,-5,-10
460,0,1,0,0,0,0,0,0,-10,-5,-10
461,0,1,1,0,0,0,0,0,-10,-5,-10
462,0,1,1,0,0,0,0,0,-5,-5,-10
463,0,1,1,0,0,0,0,0,-5,-5,-10
464,0,1,0,0,0,0,0,0,-10,-5,-10
465,0,1,0,0,0,0,0,0,-10,-5,-10
466,0,1,0,0,0,0,0,0,-5,-5,-10
467,0,1,0,0,0,0,0,0,-5,-5,-10
468,0,1,0,0,0,0,0,0,-10,-5,-10
469,0,1,0,0,0,0,0,0,-5,-5,-10
470,0,1,0,0,0,0,0,0,-10,-5,-10
471,0,1,0,0,0,0,0,0,-10,-5,-10
472,0,0,0,0,0,0,0,0,0,-5,-10
473,0,1,0,0,0,0,0,0,-10,-5,-10
474,0,1,0,0,0,0,0,0,-10,-5,-10
475,0,1,0,0,0,0,0,0,-5,-5,-10
476,0,1,0,0,0,0,0,0,0,-5,-10
477,0,1,0,0,0,0,1,0,10,-10,-10
478,0,1,0,0,0,1,1,0,5,-10,-10
479,0,1,0,0,0,0,1,0,5,-10,-10
480,0,1,0,0,0,0,1,0,10,-10,-10
481,0,0,0,0,0,0,1,0,10,-10,-10
482,0,0,0,0,0,0,1,0,15,-10,-10
483,0,0,0,0,0,0,0,0,10,-10,-10
484,0,0,0,0,0,0,0,0,15,-10,-10
485,0,0,0,0,0,0,0,0,15,-10,-10
486,0,0,0,0,0,0,1,1,20,-10,-10
487,0,0,0,0,0,0,1,0,15,-10,-10
488,0,0,0,0,0,0,1,0,15,-10,-10
489,0,0,0,0,0,0,0,0,15,-10,-10
490,0,0,0,0,0,0,1,0,10,-10,-10
491,0,0,0,0,0,1,1,0,10,-10,-10
492,0,1,0,0,0,0,1,0,5,-10,-10
493,0,1,0,0,0,1,1,0,5,-10,-10
494,0,1,0,0,0,0,0,0,5,-10,-10
495,0,1,0,0,0,1,0,0,5,-10,-10
496,0,1,0,0,0,0,0,0,0,-10,-10
497,0,1,0,0,0,0,0,0,0,-10,-10
498,0,1,0,0,0,0,0,0,5,-10,-10
499,0,1,0,0,0,0,0,0,-5,-10,-10
500,0,1,0,0,0,0,0,0,-5,-10,-10
501,0,1,0,0,0,0,0,0,-5,-10,-10
502,0,1,0,0,0,1,0,0,0,-10,-10
503,0,1,0,0,0,0,0,0,0,-5,-10
504,0,1,0,0,0,0,0,0,-5,-5,-10
505,0,1,0,0,0,0,0,0,-5,-5,-10
506,0,1,0,0,0,0,0,0,0,-5,-10
507,0,1,0,0,0,0,0,0,-5,-5,-10
508,0,1,0,0,0,0,0,0,-10,-5,-10
509,0,1,0,0,0,0,0,0,-5,-5,-10
510,0,1,0,0,0,0,0,0,-10,-5,-10
511,0,1,0,0,0,0,0,0,-10,-5,-10
512,0,1,0,0,0,0,0,0,-10,-5,-10
513,0,1,0,0,0,0,0,0,-10,-5,-10
514,0,1,0,0,0,0,0,0,-10,-5,-10
515,-1,0,-1,-1,-1,-1,-1,1,-35,-10,-10
516,-1,0,-1,-1,-1,-1,-1,1,-40,-5,-10
517,-1,0,-1,-1,-1,-1,-1,1,-40,-5,-15
518,-1,0,-1,-1,-1,-1,-1,1,-40,-10,-5
519,0,0,0,0,0,0,0,0,-40,-10,-10
520,-1,0,-1,-1,-1,-1,-1,1,-40,0,-15
521,-1,0,-1,-1,-1,-1,-1,1,-40,-5,-15
522,-1,0,-1,-1,-1,-1,-1,1,-45,-85,20
523,-1,0,-1,-1,-1,-1,-1,1,-50,-55,15
524,-1,0,-1,-1,-1,-1,-1,1,-45,-15,0
525,-1,0,-1,-1,-1,-1,-1,1,-45,-15,0
526,0,0,0,0,0,0,0,0,-40,-10,-10
527,-1,0,-1,-1,-1,-1,-1,1,-40,-5,-15
528,-1,0,-1,-1,-1,-1,-1,1,-40,-5,-15
529,0,0,0,0,0,0,0,0,-25,-5,-15
530,0,1,0,0,0,0,1,0,-5,-5,-15
531,0,1,0,0,0,0,1,0,0,-5,-15
532,0,1,0,0,0,0,1,0,5,-10,-15
533,0,1,0,0,0,0,1,0,5,-5,-15
534,0,1,0,0,0,0,1,0,5,-10,-15
535,0,0,0,0,0,0,1,0,10,-10,-15
536,0,1,0,0,0,0,0,0,10,-10,-15
537,0,1,0,0,0,0,0,0,10,-10,-15
538,0,1,0,0,0,0,0,0,10,-5,-15
539,0,1,0,0,0,1,0,0,5,-5,-10
540,0,0,0,0,0,0,0,0,10,-5,-15
541,0,0,0,0,0,0,0,0,10,-5,-10
542,0,0,0,0,0,0,0,0,10,-5,-15
543,0,0,0,0,0,1,0,0,15,-5,-10
544,0,0,0,0,0,0,0,0,10,-5,-15
545,0,0,0,0,0,0,0,0,10,-5,-15
546,0,1,0,0,0,1,1,0,10,-5,-10
547,0,1,0,0,0,1,1,0,10,-5,-15
548,0,1,0,0,0,0,0,0,10,-5,-15
549,0,1,0,0,0,0,1,0,10,-10,-15
550,0,0,0,0,0,0,1,0,10,-10,-15
551,0,0,0,0,0,0,1,0,10,-10,-15
552,0,0,0,0,0,0,0,0,10,-10,-15
553,0,0,0,0,0,0,0,0,10,-10,-20
554,0,0,0,0,0,0,0,0,10,-10,-15
555,0,0,0,0,0,0,0,0,15,-10,-15
556,0,0,0,0,0,0,0,0,10,-10,-15
557,0,0,0,0,0,0,0,0,10,-10,-15
558,0,0,0,0,0,0,0,0,10,-10,-15
559,0,0,0,0,0,0,0,0,10,-10,-15
560,0,0,0,0,0,0,0,0,10,-5,-15
561,0,0,0,0,0,0,0,0,15,-5,-15
562,0,0,0,0,0,0,0,0,15,-10,-15
563,0,0,0,0,0,0,0,0,15,-10,-15
564,0,0,0,0,0,0,0,0,15,-10,-10
565,0,0,1,0,0,0,0,0,15,-10,-10
566,0,0,1,0,0,0,0,1,20,-10,-10
567,0,0,0,0,0,0,0,0,20,-10,-10
568,0,0,0,0,0,0,0,0,20,-10,-10
569,0,0,0,0,0,0,0,0,15,-10,-10
570,0,0,0,0,0,0,0,0,15,-10,-10
571,0,0,0,0,0,0,0,1,20,-10,-10
572,0,0,0,0,0,0,0,0,20,-10,-10
573,0,0,0,0,0,0,0,0,20,-10,-10
574,0,0,0,0,0,0,0,1,20,-10,-10
575,0,0,0,0,0,0,0,0,20,-5,-10
576,0,0,0,0,0,1,0,1,20,-10,-10
577,0,0,0,0,0,0,0,0,20,-5,-10
578,0,0,0,0,0,0,0,0,20,-10,-10
579,0,0,0,0,0,0,0,0,15,-10,-10
580,0,1,0,0,0,0,1,0,10,-10,-10
581,0,1,0,0,0,0,1,0,10,-10,-10
582,0,1,0,0,0,0,0,0,5,-10,-10
583,0,1,0,0,0,0,1,0,5,-10,-10
584,0,1,0,0,0,0,1,0,-5,-10,-10
585,0,1,0,0,0,0,1,0,-10,-10,-5
586,0,1,0,0,0,0,1,0,-10,-10,-5
587,0,1,0,0,0,0,1,0,-10,-15,-5
588,0,1,1,0,0,0,1,0,-15,-10,-5
589,0,1,1,0,0,0,1,0,-10,-15,-5
590,0,0,0,0,0,0,0,0,-10,-15,-5
591,0,1,0,0,0,0,0,0,-10,-10,-10
592,0,1,0,0,0,0,0,0,-15,-10,-10
593,0,1,0,0,0,0,0,0,-5,-10,-10
594,0,1,0,0,0,0,0,0,-10,-10,-10
595,0,0,0,0,0,0,0,0,-10,-10,-5
596,0,1,0,0,0,0,0,0,-15,-10,-10
597,0,1,0,0,0,0,1,0,-10,-15,-10
598,0,0,0,0,0,0,0,0,-10,-10,-10
599,0,1,0,0,0,0,0,0,-10,-10,-10
600,0,1,0,0,0,0,1,0,-10,-10,-10
601,0,1,0,0,0,0,1,0,-5,-10,-10
602,0,1,0,0,0,0,1,0,-10,-10,-10
603,0,1,0,0,0,0,1,0,-10,-15,-10
604,0,1,0,0,0,0,0,0,-5,-10,-10
605,0,1,0,0,0,0,0,0,-5,-10,-10
606,0,1,0,0,0,0,0,0,-10,-10,-10
607,0,1,0,0,0,0,0,0,-10,-10,-10
608,0,1,0,0,0,0,0,0,0,-10,-15
609,0,1,0,0,0,0,0,0,0,-10,-10
610,0,1,0,0,0,0,0,0,0,-10,-10
611,0,1,0,0,0,0,0,0,5,-10,-10
612,0,1,0,0,0,0,0,0,5,-10,-10
613,0,0,0,0,0,0,0,0,5,-10,-10
614,0,1,0,0,0,0,0,0,5,-10,-10
615,0,1,0,0,0,0,0,0,5,-10,-10
616,0,1,0,0,0,0,0,0,5,-10,-10
617,0,1,0,0,0,0,0,0,5,-10,-10
618,0,0,0,0,0,0,0,0,5,-10,-10
619,0,1,0,0,0,0,0,0,10,-10,-10
620,0,1,0,0,0,0,0,0,5,-10,-10
621,0,1,0,0,0,0,0,0,5,-10,-10
622,0,1,0,0,0,0,0,0,10,-10,-10
623,0,1,0,0,0,0,0,0,5,-10,-10
624,0,1,0,0,0,0,0,0,5,-10,-10
625,0,1,0,0,0,1,0,0,5,-10,-10
626,0,1,0,0,0,0,0,0,5,-10,-10
627,0,1,0,0,0,0,0,0,5,-10,-10
628,0,1,0,0,0,0,0,0,5,-10,-10
629,0,1,0,0,0,0,0,0,5,-10,-10
630,0,1,0,0,0,0,0,0,5,-10,-10
631,0,1,0,0,0,0,0,0,10,-10,-10
632,0,1,0,0,0,1,0,0,10,-5,-5
633,0,1,0,0,0,1,0,0,10,0,-10
634,0,1,0,0,0,0,1,0,5,5,-10
635,0,1,0,0,0,0,1,0,5,5,-10
636,0,1,0,0,0,0,1,0,10,5,-10
637,0,1,0,0,0,0,0,0,10,5,-5
638,0,1,0,0,0,0,0,0,5,5,-10
639,0,1,0,0,0,1,0,0,10,10,-10
640,0,1,0,0,0,0,0,0,10,10,-10
641,0,1,0,0,0,0,0,0,5,10,-10
642,0,1,0,0,0,0,0,0,5,10,-10
643,0,1,0,0,0,1,0,0,5,10,-5
644,0,1,0,0,0,0,0,0,5,10,-10
645,0,1,0,0,0,0,0,0,5,10,-10
646,0,1,0,0,0,0,0,0,5,10,-10
647,0,1,0,0,0,0,0,0,5,10,-10
648,0,1,0,0,0,0,1,0,5,10,-10
649,0,1,0,0,0,0,1,0,5,10,-10
650,0,1,0,0,0,0,1,0,5,10,-5
651,0,1,0,0,0,0,1,0,5,10,-10
652,0,1,0,1,0,0,1,0,5,10,-10
653,0,1,0,0,0,0,1,0,5,10,-10
654,0,1,0,0,0,0,1,0,5,5,-10
655,0,1,0,0,0,0,0,0,5,5,-10
656,0,1,0,0,0,0,0,0,0,5,-10
657,0,1,0,0,0,0,0,0,5,5,-10
658,0,1,0,0,0,0,0,0,10,5,-5
659,0,1,0,0,0,0,0,0,5,5,-10
660,0,1,0,0,0,0,0,0,5,5,-10
661,0,1,0,0,0,0,0,0,5,5,-10
662,0,1,0,0,0,0,0,0,0,5,-10
663,0,1,0,0,0,0,0,0,-5,5,-10
664,0,1,0,0,0,0,0,0,5,5,-5
665,0,1,0,0,0,0,0,0,0,5,-10
666,0,1,0,0,0,0,0,0,0,5,-5
667,0,1,0,0,0,0,0,0,5,5,-10
668,0,1,0,0,0,0,0,0,5,5,-5
669,0,1,0,0,0,0,0,0,0,10,-10
670,0,1,0,0,0,0,0,0,0,5,-5
671,0,1,0,0,0,0,0,0,5,5,-10
672,0,1,0,0,0,0,0,0,5,5,-10
673,0,1,0,0,0,0,0,0,5,5,-10
674,0,1,0,0,0,0,0,0,5,5,-10
675,0,1,0,0,0,0,0,0,5,5,-10
676,0,1,0,0,0,1,0,0,5,5,-10
677,0,1,0,0,0,0,0,0,5,5,-10
678,0,1,0,0,0,0,0,0,5,5,-10
679,0,1,0,0,0,0,0,0,5,5,-10
680,0,1,0,0,0,0,0,0,5,5,-10
681,0,1,0,0,0,0,0,0,5,5,-10
682,0,1,0,0,0,0,0,0,10,5,-10
683,0,1,0,0,0,0,0,0,5,5,-10
684,0,1,0,0,0,0,0,0,5,5,-10
685,0,1,0,0,0,0,0,0,5,5,-10
686,0,1,0,0,0,0,0,0,5,5,-10
687,0,1,0,0,0,0,0,0,5,5,-10
688,0,1,0,0,0,0,0,0,10,5,-10
689,0,1,0,0,0,0,0,0,10,5,-10
690,0,1,0,0,0,0,0,0,10,5,-10
691,0,0,0,0,0,0,0,0,10,5,-10
692,0,0,0,0,0,0,0,0,15,5,-10
693,0,0,0,0,0,0,0,0,15,5,-5
694,0,0,0,0,0,0,0,0,15,5,-10
695,0,0,0,0,0,0,0,0,15,5,-10
696,0,0,0,0,0,0,0,1,20,5,-10
697,0,0,0,0,0,0,0,1,15,5,-10
698,0,0,0,0,0,0,0,1,20,5,-10
699,0,0,0,0,0,0,1,1,20,5,-10
700,-1,0,-1,-1,-1,-1,-1,1,25,5,-10
701,0,0,1,0,0,0,0,1,25,5,-10
702,0,0,1,0,0,0,0,1,20,5,-10
703,0,0,1,0,0,0,0,1,20,5,-10
704,0,0,0,0,0,0,0,1,25,5,-10
705,0,0,0,0,0,0,1,1,20,5,-5
706,0,0,0,0,0,0,1,1,20,5,-10
707,0,0,0,0,0,0,1,0,15,5,-10
708,0,1,0,0,0,0,1,0,10,5,-10
709,0,1,0,0,0,0,1,0,10,5,-5
710,0,1,0,0,0,0,1,0,5,5,-5
711,0,1,0,0,0,0,0,0,5,5,-10
712,0,1,0,0,0,0,0,0,5,5,-10
713,0,1,0,0,0,0,0,0,0,5,-10
714,0,1,0,0,0,0,0,0,0,5,-5
715,0,1,0,0,0,0,1,0,5,5,-5
716,0,1,1,0,0,0,1,0,0,5,-10
717,0,1,1,0,0,1,0,0,-5,5,-10
718,0,1,1,0,0,0,0,0,-5,5,-5
719,0,1,0,0,0,0,0,0,0,5,-10
720,0,1,0,0,0,0,0,0,-5,5,-5
721,0,1,1,0,0,0,0,0,0,5,-10
722,0,1,1,0,0,1,0,0,-5,5,-10
723,0,1,1,0,0,0,0,0,5,5,-5
724,0,1,1,0,0,0,0,0,0,5,-10
725,0,1,1,0,0,1,1,0,5,5,-10
726,0,1,0,0,0,0,1,0,10,5,-10
727,0,1,0,0,0,0,1,0,10,5,-10
728,0,1,0,0,0,0,1,0,10,5,-10
729,0,0,0,0,0,0,1,0,15,5,-5
730,0,0,0,0,0,0,1,0,15,5,-5
731,0,1,0,0,0,0,0,0,10,5,0
732,0,0,0,0,0,0,0,0,15,5,-5
733,0,1,0,0,0,0,0,0,10,5,0
734,0,1,0,1,0,0,0,0,10,5,0
735,0,0,0,1,1,0,0,0,15,5,5
736,0,0,0,1,0,0,0,1,20,5,5
737,0,0,1,1,0,0,1,0,15,-5,5
738,0,0,0,0,0,0,0,0,20,-15,5
739,0,0,0,0,0,0,0,0,25,-30,5
740,0,0,0,0,0,0,0,0,-5,-5,-5
741,0,0,0,0,0,0,0,0,-10,0,-15
742,0,0,0,0,0,0,0,0,15,20,-10
743,0,0,0,0,0,0,0,0,25,-25,10
744,0,0,0,0,0,0,0,0,-5,-5,-5
745,0,0,0,0,0,0,0,0,5,10,-10
746,0,0,0,0,0,0,0,0,-5,-5,-5
747,0,0,0,0,0,0,0,0,-5,-5,-5
748,-1,0,-1,-1,-1,-1,-1,0,10,-35,-10
749,0,0,1,0,0,0,1,0,10,-25,-10
750,0,0,0,0,0,1,1,0,5,-20,-10
751,0,1,0,0,0,0,1,0,5,-15,-10
752,0,1,0,0,0,0,1,0,5,-15,-10
753,1,1,1,0,0,0,1,0,5,-15,-10
754,0,1,1,0,0,0,1,0,5,-15,-10
755,0,0,1,0,0,0,1,0,5,-20,-10
756,0,0,0,0,0,0,1,0,5,-20,-10
757,0,0,0,0,0,1,1,0,5,-20,-10
758,0,1,0,0,0,0,1,0,5,-20,-10
759,0,1,0,0,0,0,1,0,5,-20,-10
760,0,1,0,0,0,0,1,0,5,-15,-10
761,0,0,0,0,0,0,1,0,5,-20,-10
762,0,1,0,0,0,1,1,0,5,-20,-10
763,0,0,0,0,0,0,0,0,5,-20,-10
764,1,0,0,0,0,0,1,0,5,-20,-10
765,0,0,0,0,0,0,1,0,5,-20,-10
766,0,0,0,0,0,0,1,0,10,-20,-10
767,0,0,0,0,0,0,1,0,5,-20,-10
768,0,0,0,0,0,0,1,0,5,-20,-10
769,0,0,0,0,0,0,1,0,5,-20,-10
770,0,0,0,0,0,0,1,0,10,-15,-10
771,0,0,0,0,0,0,1,0,10,-15,-10
772,0,1,0,0,0,0,1,0,5,-10,-5
773,0,1,0,0,0,0,1,0,5,-10,-5
774,0,1,0,0,0,0,1,0,5,-5,0
775,0,1,0,0,0,0,1,0,10,0,0
776,0,1,0,0,0,0,1,0,10,0,0
777,0,1,0,0,0,0,1,0,5,-5,0
778,1,1,0,0,0,0,1,0,5,-5,0
779,0,1,0,0,0,0,1,0,5,-10,0
780,0,1,0,0,0,0,1,0,5,-10,-5
781,1,0,0,0,0,1,1,0,15,-15,-5
782,0,0,0,0,0,0,1,0,10,-15,-10
783,0,1,1,0,0,1,1,0,5,-15,-10
784,0,0,1,0,0,1,1,0,10,-20,-5
785,0,0,1,0,0,0,1,0,10,-20,-10
786,0,0,0,0,0,0,1,0,10,-20,-10
787,0,0,0,0,0,0,0,0,10,-20,-10
788,1,0,0,0,0,1,0,0,10,-20,-10
789,0,0,0,0,0,0,1,0,10,-20,-10
790,0,0,0,0,0,0,1,0,15,-15,-10
791,0,0,0,0,0,0,1,0,15,-15,-10
792,0,0,0,0,0,0,1,0,10,-15,-10
793,0,0,0,0,0,1,1,0,10,-20,-10
794,0,0,0,0,0,1,1,0,10,-20,-10
795,0,0,0,0,0,0,0,0,15,-15,-10
796,0,0,0,0,0,0,1,0,5,-15,-10
797,0,1,0,0,0,1,1,0,5,-10,-10
798,0,1,0,0,0,1,1,0,5,-15,-10
799,0,0,0,0,0,0,1,0,10,-15,-10
800,0,1,0,0,0,0,1,0,5,-15,-10
801,0,1,1,0,0,0,1,0,5,-10,-5
802,0,0,1,0,0,0,1,0,15,-15,-10
803,1,0,1,1,0,1,1,1,25,-10,-10
804,0,0,1,1,0,0,1,1,20,-10,-10
805,0,1,1,0,0,0,1,0,10,-10,-10
806,0,0,1,0,0,1,0,0,20,-10,-10
807,0,1,0,0,0,0,0,0,10,-10,-10
808,0,1,0,0,0,0,0,0,10,-10,-10
809,0,1,0,0,0,0,1,0,10,-10,-10
810,0,1,0,0,0,0,0,0,5,-10,-10
811,0,1,0,0,0,0,0,0,5,-10,-10
812,0,0,0,0,0,0,0,0,15,-10,-10
813,0,1,0,0,0,1,0,0,5,-10,-10
814,0,1,0,0,0,0,0,0,5,-10,-10
815,0,0,0,0,0,0,0,0,10,-10,-10
816,0,1,0,0,0,0,0,0,10,-10,-10
817,0,1,0,0,0,0,0,0,10,-10,-10
818,0,0,0,0,0,1,0,0,10,-10,-10
819,0,1,0,0,0,0,0,0,10,-10,-5
820,0,1,0,0,0,0,1,0,5,5,-5
821,0,0,0,0,0,0,1,0,15,-10,-5
822,0,1,0,0,0,0,1,0,10,-10,-10
823,0,0,0,0,0,1,0,0,15,-10,-5
824,0,0,0,0,0,0,0,0,15,-10,-5
825,0,0,0,0,0,0,0,0,15,-10,-5
826,0,0,0,0,0,0,0,1,20,-10,-10
827,0,0,0,0,0,0,0,0,15,-10,-5
828,0,0,0,0,0,1,0,0,10,-10,-5
829,0,0,0,0,0,0,0,1,20,-10,-5
830,0,0,0,0,0,1,1,0,15,-10,-5
831,0,0,0,0,0,0,1,0,10,-10,-10
832,1,0,0,0,0,1,1,0,15,-10,-5
833,1,0,0,0,0,0,1,0,20,-10,-5
834,0,0,0,0,0,0,1,1,15,-10,-10
835,0,0,0,0,0,0,0,0,15,-10,-10
836,0,0,0,0,0,0,0,0,10,-10,-10
837,0,0,0,0,0,1,1,0,15,-5,-10
838,0,0,0,0,0,0,1,0,10,-10,-10
839,0,0,0,0,0,1,1,0,15,-10,-10
840,0,0,0,0,0,0,0,0,10,-10,-10
841,0,1,0,0,0,1,0,0,5,-5,-10
842,0,0,1,0,0,0,1,0,15,-5,-10
843,0,1,1,0,0,0,1,0,5,0,-10
844,0,1,1,0,0,0,1,0,5,0,-10
845,0,1,0,0,0,1,0,0,0,-10,-10
846,0,1,0,0,0,1,1,0,5,-10,-10
847,0,1,0,0,0,1,1,0,10,-10,-10
848,0,1,0,0,0,0,1,0,5,-10,-10
849,0,1,0,0,0,1,0,0,10,-5,-10
850,1,0,0,0,0,1,0,0,20,-10,-10
851,0,1,0,0,0,1,0,0,5,-10,-10
852,0,0,0,0,0,0,0,0,15,-5,-10
853,0,0,0,0,0,1,1,0,10,-10,-10
854,0,0,0,0,0,0,1,0,10,-10,-10
855,0,1,0,0,0,0,1,0,5,-10,-10
856,1,1,0,0,0,0,1,0,10,-10,-10
857,0,1,0,0,0,0,0,0,0,-10,-10
858,0,1,0,0,0,0,0,0,0,-10,-10
859,0,1,0,0,0,0,0,0,10,-10,-10
860,0,1,0,0,0,0,0,0,5,-10,-10
861,0,1,0,0,0,0,0,0,5,-10,-10
862,0,1,0,0,0,0,0,0,5,-5,-10
863,0,1,1,0,0,0,1,0,5,-10,-10
864,1,0,1,0,0,1,1,0,10,-5,-10
865,0,1,1,0,0,1,0,0,10,-10,-10
866,0,1,0,0,0,0,1,0,5,-10,-10
867,0,1,0,0,0,0,1,0,5,-5,-10
868,0,1,0,0,0,0,1,0,0,-10,-10
869,0,1,0,0,0,0,1,0,5,-10,-10
870,0,0,0,0,0,0,0,0,5,-10,-10
871,0,1,0,0,0,0,1,0,10,-10,-10
872,0,1,0,0,0,0,0,0,5,-10,-10
873,0,0,0,1,1,1,0,0,5,-10,-10
874,0,0,0,1,1,0,0,0,5,-10,-10
875,0,1,0,0,0,1,0,0,10,-10,-10
876,0,1,0,0,0,1,1,0,5,-5,-5
877,0,0,0,0,0,0,1,0,15,-10,-10
878,0,1,0,0,0,1,1,0,5,-5,-10
879,0,1,0,0,0,1,1,0,10,-10,-10
880,0,0,0,0,0,0,1,0,15,-10,-10
881,0,0,0,0,0,0,1,0,10,-10,-10
882,0,1,0,0,0,1,0,0,5,-10,-10
883,0,1,0,0,0,0,1,0,5,-10,-10
884,0,1,0,0,0,0,1,0,5,-5,-10
885,0,0,0,0,0,0,1,0,10,-5,-10
886,0,1,0,0,0,0,0,0,5,0,-5
887,0,0,0,0,0,1,0,0,10,0,-10
888,0,1,0,0,0,0,0,0,5,5,-5
889,1,0,0,0,0,1,0,0,15,5,-10
890,0,1,1,0,0,0,0,0,5,0,-10
891,0,1,1,0,0,0,0,0,5,0,-10
892,0,1,1,0,0,0,1,0,0,0,-10
893,0,1,1,0,0,0,0,0,5,0,-10
894,0,1,1,0,0,0,0,0,0,0,-10
895,0,1,1,0,0,0,0,0,5,0,-10
896,0,1,1,0,0,0,0,0,5,0,-10
897,0,1,1,0,0,0,0,0,5,0,-10
898,0,1,1,0,0,0,1,0,10,0,-10
899,0,1,1,0,0,1,1,0,10,5,-10
900,0,1,1,0,0,1,1,0,5,-5,-10
901,0,1,1,0,0,1,1,0,5,-5,-10
902,0,1,1,0,0,1,1,0,10,-5,-10
903,0,1,1,0,0,1,1,0,5,-5,-10
904,0,1,1,0,0,1,1,0,5,-5,-10
905,0,1,1,0,0,1,1,0,10,-5,-10
906,0,1,1,0,0,1,1,0,10,0,-10
907,0,1,1,0,0,1,1,0,5,0,-10
908,0,1,1,0,0,1,1,0,5,-5,-10
909,0,1,1,0,0,1,1,0,5,0,-10
910,0,1,1,0,0,1,0,0,5,0,-10
911,0,1,0,0,0,1,1,0,5,-5,-10
912,0,1,0,0,0,1,1,0,5,-5,-10
913,0,1,0,0,0,1,1,0,5,-5,-10
914,0,1,1,0,0,1,0,0,5,-5,-10
915,0,1,1,0,0,1,0,0,5,-5,-10
916,0,1,1,0,0,1,0,0,5,-5,-10
917,0,1,1,0,0,1,0,0,5,-5,-10
918,0,1,1,0,0,1,0,0,5,0,-5
919,0,1,1,0,0,1,0,0,10,0,-5
920,0,1,1,0,0,1,0,0,10,0,-10
921,0,1,1,0,0,1,0,0,10,0,-5
922,0,1,1,0,0,1,0,0,5,0,-10
923,0,1,1,0,0,0,0,0,5,0,-10
924,0,1,1,0,0,1,0,0,10,0,-10
925,0,1,1,0,0,0,1,0,5,0,-10
926,0,1,0,0,0,1,1,0,5,0,-10
927,0,1,0,0,0,1,1,0,5,0,-10
928,0,1,0,0,0,0,1,0,5,0,-5
929,0,1,1,0,0,0,1,0,5,5,-10
930,0,1,1,0,0,0,1,0,5,5,-10
931,0,1,1,0,0,0,1,0,5,5,-10
932,0,1,0,0,0,0,1,0,5,5,-10
933,0,1,0,0,0,0,1,0,5,5,-10
934,0,1,0,0,0,0,1,0,5,5,-10
935,0,1,1,0,0,0,1,0,10,10,-5
936,0,1,1,0,0,0,1,0,5,5,-10
937,0,1,1,0,0,0,0,0,5,5,-10
938,0,1,0,0,0,0,0,0,0,5,-10
939,0,1,0,0,0,0,0,0,0,5,-10
940,0,1,0,0,0,0,0,0,5,5,-10
941,0,1,0,0,0,0,0,0,5,5,-10
942,0,1,0,0,0,0,0,0,5,5,-10
943,0,1,0,0,0,0,0,0,0,5,-10
944,0,1,0,0,0,0,0,0,5,5,-10
945,0,1,0,0,0,0,0,0,5,5,-5
946,0,1,0,0,0,1,0,0,5,5,-10
947,0,1,1,0,0,0,0,0,0,5,-10
948,0,1,1,0,0,0,0,0,5,5,-10
949,0,1,1,0,0,0,0,0,0,5,-5
950,0,1,1,0,0,0,0,0,5,5,-10
951,0,1,1,0,0,0,0,0,0,5,-10
952,0,1,1,0,0,1,0,0,0,5,-10
953,0,1,1,0,0,0,0,0,5,5,-5
954,0,1,1,0,0,0,0,0,5,5,-10
955,0,1,1,0,0,0,0,0,0,5,-10
956,0,1,0,0,0,0,0,0,0,5,-10
957,0,1,0,0,0,1,0,0,10,5,-10
958,0,1,0,0,0,0,0,0,0,5,-10
959,0,1,0,0,0,0,0,0,5,5,-5
960,0,1,0,0,0,0,0,0,0,5,-10
961,0,1,0,0,0,0,0,0,0,5,-10
962,0,1,0,0,0,0,0,0,5,5,-10
963,0,1,0,0,0,0,0,0,5,5,-5
964,0,1,0,0,0,0,0,0,0,5,-10
965,0,1,0,0,0,0,0,0,5,5,-10
966,0,1,0,0,0,0,0,0,0,5,-10
967,0,1,0,0,0,0,0,0,5,5,-10
968,0,1,0,0,0,0,0,0,5,5,-10
969,0,1,0,0,0,0,0,0,0,5,-10
970,0,1,0,0,0,0,0,0,5,5,-10
971,0,1,0,0,0,0,0,0,0,5,-5
972,0,1,0,0,0,0,0,0,5,5,-10
973,0,1,0,0,0,0,0,0,5,5,-10
974,0,1,0,0,0,0,0,0,5,5,-5
975,0,1,0,0,0,0,0,0,0,5,-10
976,0,1,0,0,0,0,0,0,0,5,-10
977,0,1,0,0,0,0,0,0,0,5,-5
978,0,1,0,0,0,0,0,0,0,5,-10
979,0,1,0,0,0,1,0,0,5,5,-10
980,0,1,0,0,0,0,0,0,5,5,-10
981,0,1,0,0,0,0,0,0,5,5,-5
982,0,1,0,0,0,0,0,0,5,5,-10
983,0,1,0,0,0,1,0,0,5,5,-5
984,0,1,0,0,0,0,0,0,5,5,-10
985,0,1,0,0,0,0,0,0,0,5,-5
986,0,1,0,0,0,0,0,0,0,5,-10
987,0,1,0,0,0,0,0,0,0,5,-10
988,0,1,0,0,0,0,0,0,5,5,-10
989,0,1,0,0,0,0,0,0,5,5,-10
990,0,1,0,0,0,0,0,0,0,5,-10
991,0,1,0,0,0,0,0,0,5,5,-10
992,0,1,0,0,0,0,0,0,5,5,-10
993,0,1,0,0,0,0,0,0,0,5,-5
994,0,1,0,0,0,0,0,0,5,5,-5
995,0,1,0,0,0,0,0,0,0,5,-10
996,0,1,0,0,0,0,0,0,5,5,-10
997,0,1,0,0,0,0,0,0,0,5,-10
998,0,1,1,0,0,0,0,0,5,5,-10
999,0,1,1,0,0,0,0,0,0,5,-5
1000,0,1,1,0,0,0,0,0,5,5,-10
1001,0,1,1,0,0,0,0,0,5,5,-10
1002,0,1,1,0,0,0,0,0,5,5,-10
1003,0,1,1,0,0,0,0,0,5,5,-10
1004,0,1,0,0,0,0,0,0,0,5,-10
1005,0,1,0,0,0,0,0,0,0,5,-10
1006,0,1,0,0,0,0,0,0,5,5,-10
1007,0,1,0,0,0,0,0,0,5,5,-10
1008,0,1,0,0,0,0,0,0,5,5,-10
1009,0,1,0,0,0,0,0,0,5,5,-10
1010,0,1,1,0,0,0,0,0,5,5,-10
1011,0,1,1,0,0,0,0,0,5,5,-10
1012,0,1,1,0,0,0,0,0,5,5,-10
1013,0,1,0,0,0,0,0,0,5,5,-10
1014,0,1,0,0,0,0,0,0,-5,5,-10
1015,0,1,0,0,0,0,0,0,5,5,-10
1016,0,1,0,0,0,0,0,0,0,5,-10
1017,0,1,0,0,0,0,0,0,5,5,-10
1018,0,1,0,0,0,0,0,0,0,10,-10
1019,0,1,0,0,0,0,1,0,0,10,-10
1020,0,0,0,0,0,0,1,0,-10,15,-10
1021,0,1,0,0,0,0,0,0,5,-10,-10
1022,0,1,0,0,0,0,0,0,0,-15,-10
1023,0,1,0,0,0,0,1,0,10,-15,-10
1024,-1,0,-1,-1,-1,-1,-1,1,25,-15,-10
1025,-1,0,-1,-1,-1,-1,-1,1,40,-15,-5
1026,0,0,0,0,0,0,0,0,40,30,30
1027,-1,0,-1,-1,-1,-1,-1,1,40,5,5
1028,-1,0,-1,-1,-1,-1,-1,1,40,5,5
1029,0,0,1,0,0,0,1,1,25,0,0
1030,0,1,1,0,0,0,1,0,10,-5,0
1031,0,0,1,1,1,0,1,0,5,-5,0
1032,0,1,0,0,0,0,1,0,0,-5,-5
1033,0,1,0,0,0,1,1,0,5,-5,-5
1034,0,1,0,1,0,0,1,0,5,-5,-5
1035,0,1,0,1,0,0,1,0,0,-5,-5
1036,0,1,0,1,0,0,1,0,5,-10,-10
1037,0,1,0,0,0,0,1,0,5,-10,-10
1038,0,1,0,0,0,0,1,0,0,-10,-10
1039,0,1,0,0,0,0,1,0,5,-10,-10
1040,0,1,0,0,0,0,1,0,0,-10,-10
1041,0,1,0,0,0,0,1,0,-5,-10,-10
1042,0,1,0,0,0,0,1,0,0,-10,-10
1043,0,1,0,0,0,0,1,0,-5,-10,-10
1044,0,1,0,0,0,0,1,0,0,-10,-10
1045,0,1,0,0,0,0,0,0,0,-10,-5
1046,0,1,0,0,0,0,0,0,0,-10,-10
1047,0,1,0,0,0,0,0,0,-10,-10,-10
1048,0,1,0,0,0,0,0,0,-10,-10,-10
1049,0,1,0,0,0,0,0,0,-15,-10,-10
1050,0,1,0,0,0,0,0,0,-15,-10,-5
1051,0,1,0,0,0,0,1,0,-10,-10,-5
1052,0,1,0,0,0,0,1,0,-15,-10,-5
1053,0,1,0,0,0,0,1,0,-10,-10,-5
1054,0,1,0,0,0,0,1,0,-10,-10,0
1055,0,1,0,0,0,0,1,0,-15,-10,0
1056,0,1,0,0,0,0,1,0,-15,-10,-5
1057,0,0,0,0,0,0,0,0,-20,-10,-5
1058,0,1,0,0,0,0,0,0,-20,-10,-5
1059,0,1,0,0,0,0,0,0,-15,-10,-10
1060,0,1,0,0,0,0,0,0,-15,-10,-10
1061,0,1,0,0,0,0,0,0,-10,-10,-10
1062,0,1,0,0,0,0,0,0,-10,-5,-10
1063,0,1,0,0,0,0,0,0,-10,-5,-5
1064,0,1,0,0,0,0,0,0,-15,-5,-10
1065,0,1,0,0,0,0,0,0,-10,-5,-10
1066,0,1,0,0,0,0,0,0,-10,-5,-10
1067,0,1,0,0,0,0,1,0,-10,-5,-5
1068,0,1,1,0,0,0,1,0,-10,-5,-5
1069,0,1,1,0,0,0,0,0,-15,-5,-5
1070,0,1,1,0,0,1,0,0,-10,-5,-5
1071,0,1,0,0,0,0,1,0,-15,0,-10
1072,0,1,0,0,0,0,1,0,-10,0,-5
1073,0,1,0,0,0,1,1,0,-15,0,-5
1074,0,1,1,0,0,1,1,0,-10,0,-5
1075,0,1,1,0,0,1,1,0,-10,0,-5
1076,0,1,1,0,0,1,1,0,-15,-5,-5
1077,0,1,1,0,0,1,1,0,-10,0,-5
1078,0,1,1,0,0,1,1,0,-5,0,-5
1079,0,1,1,0,0,1,1,0,-15,0,-10
1080,0,1,1,0,0,1,1,0,-10,0,-5
1081,0,1,1,0,0,1,1,0,-10,0,-5
1082,0,1,1,0,0,1,1,0,-10,0,-5
1083,0,1,1,0,0,0,1,0,-10,0,-5
1084,0,1,1,0,0,1,1,0,-15,0,-10
1085,0,1,1,0,0,1,0,0,-10,0,-10
1086,0,1,1,0,0,0,0,0,-15,0,-10
1087,0,1,1,0,0,1,0,0,-15,-5,-10
1088,0,1,1,0,0,0,1,0,-10,-5,-10
1089,0,1,0,0,0,1,1,0,-15,0,-10
1090,0,1,0,0,0,1,1,0,-10,0,-10
1091,0,1,0,0,0,1,0,0,-15,0,-10
1092,0,1,1,0,0,1,0,0,-10,0,-10
1093,0,1,1,0,0,1,0,0,-15,0,-10
1094,0,1,1,0,0,1,0,0,-15,0,-10
1095,0,1,1,0,0,1,0,0,-15,0,-10
1096,0,1,1,0,0,1,0,0,-15,0,-10
1097,0,1,1,0,0,1,0,0,-15,0,-10
1098,0,1,0,0,0,1,1,0,-15,0,-10
1099,0,1,0,0,0,1,1,0,-15,0,-10
1100,0,1,0,0,0,1,1,0,-10,0,-10
1101,0,1,1,0,0,1,1,0,-15,0,-10
1102,0,1,1,0,0,0,1,0,-15,0,-10
1103,0,1,1,0,0,1,1,0,-10,0,-10
1104,0,1,1,0,0,0,1,0,-15,0,-10
1105,0,1,1,0,0,0,1,0,-15,5,-10
1106,0,1,1,0,0,0,1,0,-10,5,-5
1107,0,1,1,0,0,0,1,0,-15,5,-10
1108,0,1,1,0,0,0,1,0,-10,5,-10
1109,0,1,1,0,0,0,1,0,-15,5,-10
1110,0,1,0,0,0,0,1,0,-15,5,-10
1111,0,1,0,0,0,0,1,0,-15,5,-10
1112,0,1,0,0,0,0,1,0,-15,5,-10
1113,0,1,0,0,0,0,0,0,-10,5,-10
1114,0,1,0,0,0,0,0,0,-10,5,-10
1115,0,1,0,0,0,0,0,0,-15,5,-10
1116,0,1,1,0,0,0,0,0,-10,5,-10
1117,0,1,1,0,0,0,0,0,-10,5,-10
1118,0,1,1,0,0,0,0,0,-10,5,-10
1119,0,1,0,0,0,0,0,0,-10,5,-5
1120,0,1,0,0,0,0,0,0,-10,5,-10
1121,0,1,0,0,0,0,0,0,-10,5,-10
1122,0,1,0,0,0,0,0,0,-10,5,-5
1123,0,1,0,0,0,0,0,0,-10,5,-10
1124,0,1,0,0,0,0,0,0,-10,5,-10
1125,0,1,0,0,0,0,0,0,-10,5,-5
1126,0,1,0,0,0,0,0,0,-10,5,-10
1127,0,1,0,0,0,0,0,0,-10,5,-10
1128,0,1,0,0,0,0,0,0,-10,5,-10
1129,0,1,0,0,0,0,0,0,-10,5,-10
1130,0,1,0,0,0,0,0,0,-10,5,-10
1131,0,1,0,0,0,0,0,0,-10,5,-10
1132,0,1,0,0,0,0,0,0,-10,5,-5
1133,0,1,0,0,0,1,0,0,-10,5,-10
1134,0,1,0,0,0,0,0,0,-10,5,-10
1135,0,1,0,0,0,0,0,0,-10,5,-10
1136,0,1,0,0,0,0,0,0,-10,5,-10
1137,0,1,1,0,0,0,0,0,-10,5,-10
1138,0,1,1,0,0,0,0,0,-10,5,-5
1139,0,1,1,0,0,0,0,0,-10,5,-5
1140,0,1,0,0,0,0,0,0,-10,5,-5
1141,0,1,0,0,0,0,0,0,-10,5,-5
1142,0,1,0,0,0,0,0,0,-5,5,-5
1143,0,1,1,0,0,0,0,0,-10,5,-10
1144,0,1,1,0,0,0,0,0,-5,5,-10
1145,0,1,1,0,0,0,0,0,-10,5,-10
1146,0,1,0,0,0,0,0,0,-10,5,-10
1147,0,1,0,0,0,0,0,0,-10,5,-5
1148,0,1,0,0,0,0,0,0,-10,5,-10
1149,0,1,1,0,0,0,0,0,-5,5,-5
1150,0,1,1,0,0,0,0,0,-10,5,-5
1151,0,1,1,0,0,0,0,0,-10,5,-10
1152,0,1,0,0,0,0,0,0,-5,5,-5
1153,0,1,0,0,0,0,0,0,-10,5,-5
1154,0,1,0,0,0,0,0,0,-10,5,-10
1155,0,1,1,0,0,0,0,0,-10,5,-5
1156,0,1,1,0,0,0,0,0,-10,5,-5
1157,0,1,1,0,0,0,0,0,-10,5,-5
1158,0,1,0,0,0,0,0,0,-10,5,-10
1159,0,1,0,0,0,0,0,0,-10,5,-10
1160,0,1,0,0,0,0,0,0,-5,5,-5
1161,0,1,1,0,0,0,0,0,-5,5,-10
1162,0,1,1,0,0,0,0,0,-10,5,-10
1163,0,1,1,0,0,0,0,0,-10,5,-10
1164,0,1,1,0,0,0,0,0,-5,5,-10
1165,0,1,1,0,0,0,0,0,-10,5,-10
1166,0,1,1,0,0,0,0,0,-10,5,-10
1167,0,1,0,0,0,0,0,0,-15,5,-10
1168,0,1,0,0,0,0,0,0,-10,5,-10
1169,0,1,0,0,0,0,0,0,-10,5,-10
1170,0,1,1,0,0,0,0,0,-10,5,-10
1171,0,1,1,0,0,0,0,0,-10,5,-10
1172,0,1,1,0,0,0,0,0,-10,5,-10
1173,0,1,0,0,0,0,0,0,-10,5,-10
1174,0,1,0,0,0,0,0,0,-10,5,-10
1175,0,1,0,0,0,0,0,0,-10,5,-10
1176,0,1,0,0,0,0,0,0,-10,5,-5
1177,0,1,0,0,0,0,0,0,-10,5,-10
1178,0,1,0,0,0,0,0,0,-10,5,-10
1179,0,1,0,0,0,0,0,0,-10,5,-5
1180,0,1,0,0,0,0,0,0,-10,5,-5
1181,0,1,0,0,0,0,0,0,-10,5,-10
1182,0,1,0,0,0,0,0,0,-10,5,-5
1183,0,1,0,0,0,0,0,0,-10,5,-5
1184,0,1,0,0,0,0,0,0,-10,5,-10
1185,0,1,1,0,0,0,0,0,-10,5,-10
1186,0,1,1,0,0,0,0,0,-10,5,-10
1187,0,1,1,0,0,0,0,0,-10,5,-10
1188,0,1,0,0,0,0,0,0,-10,5,-10
1189,0,1,0,0,0,0,0,0,-10,5,-5
1190,0,1,0,0,0,0,0,0,-10,5,-10
1191,0,1,0,0,0,0,0,0,-5,5,-10
1192,0,1,0,0,0,0,0,0,-10,5,-5
1193,0,1,0,0,0,0,0,0,0,5,-5
1194,0,1,1,0,0,0,0,0,5,5,-10
1195,0,1,1,0,0,0,1,0,5,5,-10
1196,0,1,1,0,0,0,1,0,10,0,-10
1197,0,0,0,0,0,0,1,0,20,0,-10
1198,0,0,0,0,0,0,1,1,20,0,-10
1199,-1,0,-1,-1,-1,-1,-1,1,30,0,-10
1200,-1,0,-1,-1,-1,-1,-1,1,35,-5,-10
1201,-1,0,-1,-1,-1,-1,-1,1,35,0,-10
1202,-1,0,-1,-1,-1,-1,-1,1,40,0,-10
1203,-1,0,-1,-1,-1,-1,-1,1,40,0,-10
1204,-1,0,-1,-1,-1,-1,-1,1,40,0,-10
1205,-1,0,-1,-1,-1,-1,-1,1,40,0,-10
1206,-1,0,-1,-1,-1,-1,-1,1,45,5,-10
1207,-1,0,-1,-1,-1,-1,-1,1,45,5,-5
1208,-1,0,-1,-1,-1,-1,-1,1,45,0,-10
1209,-1,0,-1,-1,-1,-1,-1,1,40,5,-10
1210,-1,0,-1,-1,-1,-1,-1,1,40,5,-10
1211,-1,0,-1,-1,-1,-1,-1,1,45,5,-5
1212,-1,0,-1,-1,-1,-1,-1,1,45,10,0
1213,-1,0,-1,-1,-1,-1,-1,1,45,5,-10
1214,-1,0,-1,-1,-1,-1,-1,1,45,5,-10
1215,-1,0,-1,-1,-1,-1,-1,1,45,5,-5
1216,-1,0,-1,-1,-1,-1,-1,1,45,10,0
1217,-1,0,-1,-1,-1,-1,-1,1,45,5,-10
1218,-1,0,-1,-1,-1,-1,-1,1,45,-5,-15
1219,-1,0,-1,-1,-1,-1,-1,1,40,-10,-15
1220,-1,0,-1,-1,-1,-1,-1,1,45,-10,-15
1221,-1,0,-1,-1,-1,-1,-1,1,45,5,-5
1222,-1,0,-1,-1,-1,-1,-1,1,40,0,-10
1223,-1,0,-1,-1,-1,-1,-1,1,45,5,-5
1224,-1,0,-1,-1,-1,-1,-1,1,45,5,-5
1225,-1,0,-1,-1,-1,-1,-1,1,45,5,-5
1226,-1,0,-1,-1,-1,-1,-1,1,45,10,0
1227,-1,0,-1,-1,-1,-1,-1,1,45,5,-5
1228,-1,0,-1,-1,-1,-1,-1,1,35,10,-5
1229,-1,0,-1,-1,-1,-1,-1,1,45,15,0
1230,-1,0,-1,-1,-1,-1,-1,1,45,15,-5
1231,-1,0,-1,-1,-1,-1,-1,1,35,20,0
1232,-1,0,-1,-1,-1,-1,-1,1,40,20,0
1233,-1,0,-1,-1,-1,-1,-1,1,35,25,5
1234,-1,0,-1,-1,-1,-1,-1,1,35,25,5
1235,-1,0,-1,-1,-1,-1,-1,1,30,25,5
1236,-1,0,-1,-1,-1,-1,-1,1,20,25,10
1237,-1,0,-1,-1,-1,-1,-1,1,20,30,10
1238,-1,0,-1,-1,-1,-1,-1,0,10,25,5
1239,-1,0,-1,-1,-1,-1,-1,0,5,25,5
1240,-1,0,-1,-1,-1,-1,-1,0,10,25,5
1241,0,0,1,0,0,0,1,0,-5,25,0
1242,0,0,1,0,0,0,1,0,-20,25,0
1243,0,0,1,0,0,0,1,1,-30,25,-10
1244,-1,0,-1,-1,-1,-1,-1,1,-35,25,-10
1245,-1,0,-1,-1,-1,-1,-1,1,-35,20,-10
1246,-1,0,-1,-1,-1,-1,-1,1,-35,20,-5
1247,-1,0,-1,-1,-1,-1,-1,1,-35,20,-5
1248,-1,0,-1,-1,-1,-1,-1,1,-35,15,0
1249,-1,0,-1,-1,-1,-1,-1,1,-40,20,-10
1250,-1,0,-1,-1,-1,-1,-1,1,-40,20,-10
1251,-1,0,-1,-1,-1,-1,-1,1,-40,15,-5
1252,-1,0,-1,-1,-1,-1,-1,1,-40,15,-10
1253,-1,0,-1,-1,-1,-1,-1,1,-40,15,-10
1254,-1,0,-1,-1,-1,-1,-1,1,-40,15,-10
1255,-1,0,-1,-1,-1,-1,-1,1,-40,10,-10
1256,-1,0,-1,-1,-1,-1,-1,1,-40,10,-10
1257,-1,0,-1,-1,-1,-1,-1,1,-40,5,-10
1258,-1,0,-1,-1,-1,-1,-1,1,-40,5,-10
1259,-1,0,-1,-1,-1,-1,-1,1,-40,5,-10
1260,-1,0,-1,-1,-1,-1,-1,1,-40,5,-10
1261,-1,0,-1,-1,-1,-1,-1,1,-40,5,-10
1262,-1,0,-1,-1,-1,-1,-1,1,-40,5,-15
1263,-1,0,-1,-1,-1,-1,-1,1,-35,5,-15
1264,0,0,0,0,0,0,1,0,-25,5,-15
1265,0,0,0,0,0,0,1,0,-25,0,-10
1266,0,0,0,0,0,0,1,0,-25,-5,-10
1267,0,0,0,0,0,0,1,0,-20,-5,-10
1268,0,1,0,0,0,0,1,0,-15,0,-10
1269,0,1,0,0,0,0,1,0,-10,0,-10
1270,0,1,0,0,0,0,1,0,-15,-5,-10
1271,0,1,0,0,0,0,1,0,-10,-5,-10
1272,0,1,0,0,0,0,1,0,-5,-5,-10
1273,0,1,0,0,0,0,1,0,0,-5,-10
1274,0,1,0,0,0,0,1,0,-5,-5,-10
1275,0,1,0,0,0,0,1,0,0,0,-10
1276,0,0,0,1,1,0,0,0,0,-10,-10
1277,0,1,1,1,0,0,0,0,-5,-5,-10
1278,0,1,1,0,0,0,0,0,0,0,-10
1279,0,1,1,0,0,0,0,0,-5,-5,-15
1280,0,1,0,0,0,0,0,0,0,0,-10
1281,0,1,0,0,0,0,0,0,0,0,-10
1282,0,1,0,0,0,0,0,0,5,0,-10
1283,0,1,0,0,0,0,0,0,0,0,-10
1284,0,1,0,0,0,0,0,0,5,0,-10
1285,0,1,0,0,0,0,0,0,5,0,-10
1286,0,1,1,0,0,0,0,0,5,0,-5
1287,0,1,1,0,0,0,0,0,5,0,-10
1288,0,1,1,0,0,0,0,0,5,0,-10
1289,0,1,1,0,0,0,0,0,5,0,-10
1290,0,1,1,0,0,0,0,0,5,0,-10
1291,0,1,1,0,0,0,0,0,5,5,-5
1292,0,1,1,0,0,0,0,0,5,5,-5
1293,0,1,1,0,0,0,1,0,5,5,-5
1294,0,1,1,0,0,0,0,0,5,0,-10
1295,0,1,1,0,0,0,0,0,5,5,-5
1296,0,1,1,0,0,0,0,0,5,5,-5
1297,0,1,1,0,0,0,0,0,10,5,0
1298,0,1,0,0,0,0,0,0,10,5,-5
1299,0,1,0,0,0,0,0,0,10,5,-10
1300,0,1,0,0,0,0,0,0,10,5,-5
1301,0,1,0,0,0,0,0,0,10,5,-5
1302,0,1,0,0,0,0,0,0,10,0,-5
1303,0,1,0,0,0,0,0,0,10,0,-5
1304,0,1,1,0,0,0,0,0,10,0,-5
1305,0,1,1,0,0,0,0,0,5,0,-10
1306,0,1,1,0,0,0,0,0,10,-5,-5
1307,0,1,0,0,0,0,0,0,10,-5,-5
1308,0,1,0,0,0,0,0,0,10,-5,-5
1309,0,1,0,0,0,0,0,0,10,-10,-5
1310,0,0,0,0,0,0,0,0,15,-10,-5
1311,0,0,0,0,0,0,1,0,15,-15,-10
1312,0,0,0,0,0,0,1,0,15,-20,-10
1313,0,0,0,0,0,0,1,0,15,-25,-10
1314,0,0,0,1,0,0,1,1,20,-25,-10
1315,-1,0,-1,-1,-1,-1,-1,1,15,-30,-10
1316,-1,0,-1,-1,-1,-1,-1,1,20,-35,-10
1317,-1,0,-1,-1,-1,-1,-1,1,25,-30,-5
1318,-1,0,-1,-1,-1,-1,-1,1,25,-35,-10
1319,-1,0,-1,-1,-1,-1,-1,1,25,-40,-10
1320,-1,0,-1,-1,-1,-1,-1,1,35,-40,-10
1321,-1,0,-1,-1,-1,-1,-1,1,35,-40,-10
1322,-1,0,-1,-1,-1,-1,-1,1,25,-40,-10
1323,-1,0,-1,-1,-1,-1,-1,1,35,-45,-10
1324,-1,0,-1,-1,-1,-1,-1,1,20,-40,-10
1325,-1,0,-1,-1,-1,-1,-1,1,25,-40,-10
1326,-1,0,-1,-1,-1,-1,-1,1,25,-40,-10
1327,-1,0,-1,-1,-1,-1,-1,1,20,-40,-10
1328,-1,0,-1,-1,-1,-1,-1,1,30,-40,-10
1329,-1,0,-1,-1,-1,-1,-1,0,15,-30,-10
1330,-1,0,-1,-1,-1,-1,-1,1,20,-40,-5
1331,-1,0,-1,-1,-1,-1,-1,1,25,-40,-10
1332,-1,0,-1,-1,-1,-1,-1,1,20,-40,-10
1333,-1,0,-1,-1,-1,-1,-1,1,30,-40,-10
1334,-1,0,-1,-1,-1,-1,-1,1,25,-40,-10
1335,-1,0,-1,-1,-1,-1,-1,1,40,-40,-10
1336,-1,0,-1,-1,-1,-1,-1,1,35,-40,-10
1337,-1,0,-1,-1,-1,-1,-1,1,40,-40,-15
1338,-1,0,-1,-1,-1,-1,-1,1,25,-40,-15
1339,-1,0,-1,-1,-1,-1,-1,1,35,-40,-5
1340,-1,0,-1,-1,-1,-1,-1,1,40,-45,-15
1341,-1,0,-1,-1,-1,-1,-1,1,35,-40,-10
1342,-1,0,-1,-1,-1,-1,-1,1,30,-40,-10
1343,-1,0,-1,-1,-1,-1,-1,1,35,-40,-10
1344,-1,0,-1,-1,-1,-1,-1,1,30,-35,-10
1345,-1,0,-1,-1,-1,-1,-1,1,30,-40,-5
1346,-1,0,-1,-1,-1,-1,-1,0,15,-30,-5
1347,-1,0,-1,-1,-1,-1,-1,1,30,-40,-15
1348,-1,0,-1,-1,-1,-1,-1,1,30,-40,-10
1349,-1,0,-1,-1,-1,-1,-1,1,35,-40,-15
1350,0,0,0,0,0,0,1,1,15,-30,-10
1351,-1,0,-1,-1,-1,-1,-1,1,40,-45,5
1352,-1,0,-1,-1,-1,-1,-1,1,30,-40,-15
1353,-1,0,-1,-1,-1,-1,-1,1,35,-40,-10
1354,-1,0,-1,-1,-1,-1,-1,1,15,-40,10
1355,-1,0,-1,-1,-1,-1,-1,1,35,-40,-10
1356,-1,0,-1,-1,-1,-1,-1,1,40,-45,-15
1357,-1,0,-1,-1,-1,-1,-1,1,40,-40,-10
1358,-1,0,-1,-1,-1,-1,-1,1,40,-40,-10
1359,-1,0,-1,-1,-1,-1,-1,1,35,-40,-10
1360,-1,0,-1,-1,-1,-1,-1,1,40,-40,-15
1361,-1,0,-1,-1,-1,-1,-1,1,30,-40,-10
1362,-1,0,-1,-1,-1,-1,-1,1,25,-40,-10
1363,-1,0,-1,-1,-1,-1,-1,1,35,-40,-10
1364,-1,0,-1,-1,-1,-1,-1,1,35,-45,-10
1365,-1,0,-1,-1,-1,-1,-1,1,30,-40,-10
1366,-1,0,-1,-1,-1,-1,-1,1,25,-40,-10
1367,-1,0,-1,-1,-1,-1,-1,1,30,-40,-15
1368,-1,0,-1,-1,-1,-1,-1,1,25,-40,-10
1369,-1,0,-1,-1,-1,-1,-1,1,30,-45,-15
1370,-1,0,-1,-1,-1,-1,-1,1,35,-35,0
1371,-1,0,-1,-1,-1,-1,-1,1,25,-40,-10
1372,-1,0,-1,-1,-1,-1,-1,1,35,-40,-10
1373,-1,0,-1,-1,-1,-1,-1,1,25,-35,0
1374,-1,0,-1,-1,-1,-1,-1,1,40,-40,-5
1375,-1,0,-1,-1,-1,-1,-1,1,30,-40,-15
1376,-1,0,-1,-1,-1,-1,-1,1,40,-40,-10
1377,-1,0,-1,-1,-1,-1,-1,1,30,-40,-15
1378,-1,0,-1,-1,-1,-1,-1,1,20,-35,-15
1379,-1,0,-1,-1,-1,-1,-1,1,25,-30,-15
1380,0,0,0,0,0,0,1,1,20,-20,-10
1381,0,0,0,0,0,0,1,1,15,-20,-10
1382,0,0,0,0,0,0,1,1,15,-15,-5
1383,0,0,0,0,0,0,1,0,15,-10,-10
1384,0,0,0,0,0,0,1,0,15,0,-5
1385,0,1,1,0,0,0,1,0,10,5,0
1386,0,1,1,0,0,0,1,0,10,5,-10
1387,0,1,1,0,0,0,1,0,10,10,-5
1388,0,1,1,0,0,0,1,0,5,10,-5
1389,0,1,1,0,0,0,1,0,5,15,-5
1390,0,1,1,0,0,0,1,0,5,10,-5
1391,0,0,0,0,0,0,1,1,20,10,-5
1392,0,1,0,0,0,0,1,0,0,10,-5
1393,0,1,0,0,0,0,1,0,0,10,-5
1394,0,1,0,0,0,0,1,0,0,10,-10
1395,0,1,0,0,0,0,1,0,5,10,-5
1396,0,1,0,0,0,0,0,0,-5,10,-5
1397,0,1,1,0,0,0,1,0,-5,5,-10
1398,0,1,1,0,0,0,0,0,0,5,-5
1399,1,1,1,0,0,0,1,0,10,5,0
1400,0,1,1,0,0,0,1,0,-10,5,-10
1401,0,1,1,0,0,0,1,0,0,5,-5
1402,0,1,1,0,0,1,1,0,0,5,0
1403,0,1,1,0,0,0,1,0,0,5,-5
1404,0,1,1,0,0,0,1,0,0,5,-5
1405,0,1,1,0,0,0,1,0,5,5,0
1406,0,1,1,0,0,1,1,0,0,5,-5
1407,0,1,1,0,0,1,1,0,5,0,-5
1408,0,1,1,0,0,1,1,0,0,5,-5
1409,0,1,1,0,0,1,1,0,0,5,-10
1410,0,1,1,0,0,1,1,0,5,5,-10
1411,0,1,1,0,0,1,1,0,5,5,-5
1412,0,1,1,0,0,1,1,0,5,5,-5
1413,0,1,1,0,0,1,1,0,0,5,-5
1414,0,1,1,0,0,1,1,0,0,5,-5
1415,0,1,0,0,0,1,1,0,0,5,-5
1416,0,1,0,0,0,1,1,0,0,5,-5
1417,0,1,0,0,0,1,1,0,0,5,-5
1418,0,1,0,0,0,1,1,0,0,5,-5
1419,0,1,0,0,0,1,1,0,0,5,-5
1420,0,1,0,0,0,1,1,0,0,5,-5
1421,0,1,1,0,0,1,1,0,5,5,-5
1422,0,1,1,0,0,1,1,0,5,5,-5
1423,0,1,1,0,0,1,1,0,0,5,-10
1424,0,1,1,0,0,1,1,0,5,5,-5
1425,0,1,1,0,0,1,0,0,5,5,-5
1426,0,1,1,0,0,1,0,0,5,5,-5
1427,0,1,0,0,0,1,0,0,5,5,-5
1428,0,1,0,0,0,1,0,0,5,5,-5
1429,0,1,0,0,0,1,0,0,5,5,-5
1430,0,1,1,0,0,1,0,0,5,5,-5
1431,0,1,1,0,0,1,0,0,5,5,-5
1432,0,1,1,0,0,1,0,0,5,5,-5
1433,0,1,1,0,0,1,0,0,5,5,-5
1434,0,1,1,0,0,1,0,0,5,5,-5
1435,0,1,1,0,0,0,1,0,5,5,-5
1436,0,1,1,0,0,0,1,0,5,5,-5
1437,0,1,1,0,0,0,1,0,5,5,-5
1438,0,1,1,0,0,0,1,0,5,5,-5
1439,0,1,1,0,0,0,1,0,0,5,-5
1440,0,1,1,0,0,0,1,0,0,5,-10
1441,0,1,1,0,0,0,1,0,5,10,-5
1442,0,1,0,0,0,0,1,0,5,5,-5
1443,0,1,0,0,0,0,1,0,10,10,5
1444,0,1,0,0,0,0,1,0,0,5,-5
1445,0,1,1,0,0,0,1,0,0,5,-5
1446,0,1,1,0,0,0,1,0,0,5,-5
1447,0,1,1,0,0,0,0,0,0,5,-5
1448,0,1,0,0,0,0,0,0,0,5,-5
1449,0,1,0,0,0,0,0,0,0,5,0
1450,1,1,0,0,0,0,0,0,5,5,-5
1451,0,1,1,0,0,0,0,0,0,5,0
1452,0,1,1,0,0,0,1,0,0,0,-5
1453,0,1,1,0,0,1,1,0,0,0,-5
1454,0,1,0,0,0,1,1,0,0,0,-5
1455,0,1,0,0,0,1,1,0,5,-5,-5
1456,0,1,0,0,0,1,1,0,-5,-5,-5
1457,0,1,1,0,0,1,1,0,0,-5,-5
1458,0,1,1,0,0,1,1,0,0,-10,-5
1459,0,1,1,0,0,1,1,0,0,-10,-5
1460,0,1,0,0,0,1,1,0,0,-10,-5
1461,0,1,0,0,0,0,1,0,5,-15,-5
1462,0,1,0,0,0,1,1,0,-5,-15,-10
1463,1,1,0,0,0,1,1,0,5,-15,-10
1464,0,1,0,0,0,0,1,0,0,-20,-10
1465,0,1,0,0,0,0,1,0,0,-20,-10
1466,0,1,0,0,0,0,1,0,0,-20,-10
1467,0,0,0,0,0,0,1,0,5,-25,-10
1468,0,0,0,0,0,0,1,0,0,-30,-10
1469,-1,0,-1,-1,-1,-1,-1,0,10,-35,-10
1470,-1,0,-1,-1,-1,-1,-1,0,10,-35,-10
1471,-1,0,-1,-1,-1,-1,-1,0,10,-35,-5
1472,-1,0,-1,-1,-1,-1,-1,1,5,-40,-10
1473,-1,0,-1,-1,-1,-1,-1,1,0,-40,-5
1474,-1,0,-1,-1,-1,-1,-1,1,10,-45,-10
1475,-1,0,-1,-1,-1,-1,-1,1,15,-30,-5
1476,-1,0,-1,-1,-1,-1,-1,1,10,-45,-10
1477,-1,0,-1,-1,-1,-1,-1,0,15,-30,-10
1478,-1,0,-1,-1,-1,-1,-1,0,10,-35,-10
1479,0,0,1,1,1,1,1,0,15,-30,-5
1480,-1,0,-1,-1,-1,-1,-1,1,15,-45,-10
1481,-1,0,-1,-1,-1,-1,-1,1,5,-45,-10
1482,-1,0,-1,-1,-1,-1,-1,1,15,-45,-10
1483,-1,0,-1,-1,-1,-1,-1,1,10,-45,-10
1484,-1,0,-1,-1,-1,-1,-1,1,10,-50,-10
1485,-1,0,-1,-1,-1,-1,-1,1,15,-50,-10
1486,-1,0,-1,-1,-1,-1,-1,1,10,-50,-10
1487,-1,0,-1,-1,-1,-1,-1,1,10,-45,-10
1488,-1,0,-1,-1,-1,-1,-1,1,5,-45,-10
1489,-1,0,-1,-1,-1,-1,-1,1,15,-50,-10
1490,-1,0,-1,-1,-1,-1,-1,1,5,-45,-10
1491,-1,0,-1,-1,-1,-1,-1,1,15,-50,-10
1492,-1,0,-1,-1,-1,-1,-1,1,10,-45,-10
1493,-1,0,-1,-1,-1,-1,-1,1,5,-45,-10
1494,-1,0,-1,-1,-1,-1,-1,1,5,-45,-5
1495,-1,0,-1,-1,-1,-1,-1,1,5,-45,-10
1496,-1,0,-1,-1,-1,-1,-1,1,10,-45,-10
1497,-1,0,-1,-1,-1,-1,-1,1,5,-45,-10
1498,-1,0,-1,-1,-1,-1,-1,1,5,-45,-10
1499,-1,0,-1,-1,-1,-1,-1,1,10,-40,-10
1500,-1,0,-1,-1,-1,-1,-1,1,10,-35,-10
1501,-1,0,-1,-1,-1,-1,-1,0,5,-35,-10
1502,-1,0,-1,-1,-1,-1,-1,0,5,-30,-10
1503,0,0,0,0,0,0,1,0,5,-30,-10
1504,0,0,0,0,0,0,1,0,0,-25,-10
1505,0,0,0,0,0,0,1,0,5,-25,-10
1506,0,1,0,0,0,0,1,0,0,-20,-10
1507,0,1,0,0,0,0,1,0,-5,-20,-10
1508,1,1,0,0,0,0,1,0,0,-15,-10
1509,1,1,0,0,0,0,1,0,0,-10,-5
1510,0,1,0,0,0,0,1,0,0,-10,-5
1511,0,1,0,0,0,0,1,0,-5,-10,-5
1512,0,1,0,0,0,0,1,0,-5,-5,-5
1513,0,1,0,0,0,0,1,0,0,0,-5
1514,0,1,0,0,0,0,1,0,-5,0,-5
1515,1,1,0,0,0,0,1,0,0,0,-5
1516,1,1,0,0,0,0,1,0,0,0,-5
1517,1,1,0,0,0,0,1,0,-5,0,-5
1518,1,1,0,0,0,0,1,0,0,0,-5
1519,1,1,0,0,0,0,1,0,-5,0,-5
1520,1,1,0,0,0,0,1,0,-5,0,-5
1521,1,1,0,0,0,0,1,0,-5,0,-5
1522,1,1,0,0,0,0,0,0,-5,0,-5
1523,1,1,0,0,0,1,1,0,-5,0,-5
1524,1,1,0,0,0,0,0,0,-5,-5,-10
1525,1,1,0,0,0,0,0,0,0,-5,-5
1526,1,1,0,0,0,0,0,0,-10,-5,-5
1527,1,1,0,0,0,0,0,0,-5,-5,-5
1528,1,1,0,0,0,0,0,0,-5,-5,-10
1529,1,1,0,0,0,0,0,0,-5,-5,-5
1530,1,1,0,0,0,0,0,0,-5,-5,-5
1531,1,1,0,0,0,0,0,0,0,-5,-10
1532,1,1,0,0,0,0,1,0,0,-5,-5
1533,1,1,0,0,0,0,0,0,-5,-10,-10
1534,0,1,0,0,0,0,0,0,0,-10,-5
1535,1,1,0,0,0,0,0,0,0,-10,-10
1536,0,1,0,0,0,0,0,0,0,-10,-5
1537,0,1,0,0,0,0,0,0,0,-10,-10
1538,1,1,0,0,0,0,0,0,0,-10,-5
1539,1,1,0,0,0,0,0,0,0,-10,-5
1540,1,1,0,0,0,0,0,0,-5,-10,-5
1541,0,1,0,0,0,0,0,0,0,-10,-5
1542,1,1,0,0,0,0,1,0,-5,-10,-10
1543,0,1,0,0,0,0,1,0,5,-10,-5
1544,1,1,0,0,0,1,1,0,-5,-10,-5
1545,0,1,0,0,0,0,0,0,0,-10,-10
1546,0,1,0,0,0,0,0,0,0,-10,-10
1547,0,1,0,0,0,0,0,0,-5,-10,-5
1548,0,1,0,0,0,0,0,0,5,-10,-10
1549,1,1,0,0,0,0,0,0,-5,-10,-5
1550,1,1,0,0,0,0,0,0,0,-10,-5
1551,1,1,0,0,0,0,0,0,-5,-10,-10
1552,1,1,0,0,0,0,0,0,0,-10,-10
1553,0,1,0,0,0,0,0,0,-5,-10,-5
1554,1,1,0,0,0,0,0,0,0,-10,-5
1555,0,1,0,0,0,0,0,0,0,-10,-10
1556,0,1,0,0,0,0,0,0,0,-5,-10
1557,0,1,0,0,0,0,0,0,0,-5,-10
1558,0,1,0,0,0,0,0,0,-5,-5,-5
1559,0,1,0,0,0,0,1,0,0,-5,-10
1560,0,1,0,0,0,1,0,0,-5,-5,-10
1561,0,1,0,0,0,0,0,0,-5,-5,-10
1562,0,1,0,0,0,0,0,0,-5,-5,-10
1563,0,1,0,0,0,0,0,0,0,-5,-10
1564,0,1,0,0,0,0,0,0,-5,0,-10
1565,0,1,0,0,0,0,1,0,-10,0,-10
1566,0,1,0,0,0,0,0,0,-10,0,-10
1567,0,1,0,0,0,0,0,0,0,5,-10
1568,0,1,1,0,0,0,0,0,-10,5,-10
1569,0,1,1,0,0,0,0,0,-10,5,-10
1570,0,1,1,0,0,0,0,0,-10,5,-10
1571,0,1,0,0,0,0,0,0,-5,5,-10
1572,0,1,0,0,0,0,0,0,-10,5,-10
1573,0,1,0,0,0,0,0,0,-10,5,-10
1574,0,1,1,0,0,0,0,0,-10,5,-5
1575,0,1,1,0,0,0,0,0,-5,5,-5
1576,0,1,1,0,0,0,0,0,-5,5,-10
1577,0,1,0,0,0,0,0,0,-10,5,-10
1578,0,1,0,0,0,0,0,0,0,5,-10
1579,0,1,0,0,0,0,0,0,-10,5,-10
1580,0,1,0,0,0,0,0,0,-5,5,-5
1581,0,1,0,0,0,0,0,0,-10,5,-5
1582,0,1,0,0,0,0,0,0,-10,5,-10
1583,0,1,0,0,0,0,0,0,-10,5,-5
1584,0,1,0,0,0,0,0,0,0,5,-5
1585,0,1,0,0,0,0,0,0,-10,5,-10
1586,0,1,1,0,0,0,0,0,-5,5,-10
1587,0,1,1,0,0,0,0,0,-5,5,-5
1588,0,1,1,0,0,0,0,0,-10,5,-10
1589,0,1,0,0,0,0,0,0,-10,5,-10
1590,0,1,0,0,0,0,0,0,-10,5,-10
1591,0,1,0,0,0,0,0,0,-10,5,-10
1592,0,1,0,0,0,0,0,0,-10,5,-10
1593,0,1,0,0,0,0,0,0,-5,5,-10
1594,0,1,0,0,0,1,0,0,-10,5,-10
1595,0,1,1,0,0,0,0,0,-10,5,-10
1596,0,1,1,0,0,1,0,0,-10,5,-10
1597,0,1,1,0,0,0,0,0,-10,5,-10
1598,0,1,0,0,0,0,0,0,-10,5,-10
1599,0,1,0,0,0,0,0,0,-10,5,-10
1600,0,1,0,0,0,0,0,0,-10,10,-10
1601,0,1,0,0,0,0,0,0,-10,10,-10
1602,0,1,0,0,0,0,0,0,-15,10,-10
1603,0,1,0,0,0,0,0,0,-5,10,-5
1604,0,1,0,0,0,0,0,0,-10,10,-5
1605,0,1,0,0,0,1,0,0,-10,10,-5
1606,0,1,0,0,0,0,0,0,-10,10,-5
1607,0,1,1,0,0,0,0,0,-10,10,-5
1608,0,1,1,0,0,0,0,0,-10,10,-10
1609,0,1,1,0,0,0,0,0,-10,10,-5
1610,0,1,0,0,0,0,0,0,-10,10,-5
1611,0,1,0,0,0,0,0,0,-10,10,-5
1612,0,1,0,0,0,0,0,0,-10,10,-10
1613,0,1,0,0,0,0,0,0,-5,10,-10
1614,0,1,0,0,0,0,0,0,-10,10,-10
1615,0,1,0,0,0,0,0,0,-10,10,-10
1616,0,1,0,0,0,0,0,0,-10,5,-10
1617,0,1,0,0,0,0,0,0,-10,5,-10
1618,0,1,0,0,0,0,0,0,-10,5,-10
1619,0,1,0,0,0,0,0,0,-10,5,-10
1620,0,1,0,0,0,0,0,0,-10,5,-10
1621,0,1,1,0,0,0,0,0,-10,5,-10
1622,0,1,1,0,0,0,0,0,-10,5,-10
1623,0,1,1,0,0,0,0,0,-5,5,-10
1624,0,1,0,0,0,0,0,0,-10,5,-5
1625,0,1,0,0,0,0,0,0,-10,5,-10
1626,0,1,0,0,0,0,0,0,-10,5,-10
1627,0,1,0,0,0,0,0,0,-5,5,-5
1628,0,1,0,0,0,0,0,0,-10,5,-5
1629,0,1,0,0,0,0,0,0,-5,5,-5
1630,0,1,0,0,0,0,0,0,-5,5,-5
1631,0,1,0,0,0,0,0,0,-5,5,-5
1632,0,1,0,0,0,0,0,0,0,5,-5
1633,0,1,0,0,0,0,0,0,-10,5,-5
1634,0,1,0,0,0,0,0,0,-5,5,-5
1635,0,1,1,0,0,1,0,0,0,5,-5
1636,0,1,1,0,0,0,0,0,-5,5,-5
1637,0,1,1,0,0,0,0,0,-5,5,-5
1638,0,1,0,0,0,0,0,0,-5,5,-5
1639,0,1,0,0,0,0,0,0,0,5,-5
1640,0,1,0,0,0,0,0,0,-5,5,-5
1641,0,1,0,0,0,0,0,0,0,5,-5
1642,0,1,0,0,0,0,0,0,-5,5,-5
1643,0,1,0,0,0,0,0,0,-5,5,-5
1644,0,1,1,0,0,0,0,0,-5,5,-5
1645,0,1,1,0,0,0,0,0,-10,5,-10
1646,0,1,1,0,0,0,0,0,0,5,-5
1647,0,1,0,0,0,0,0,0,-5,5,-5
1648,0,1,0,0,0,0,0,0,-5,5,-5
1649,0,1,0,0,0,0,0,0,-5,5,-5
1650,0,1,1,0,0,0,0,0,0,5,-5
1651,0,1,1,0,0,0,0,0,-5,5,-5
1652,0,1,1,0,0,0,0,0,-10,5,-5
1653,0,1,0,0,0,0,0,0,5,5,-5
1654,0,1,0,0,0,0,0,0,-5,5,-5
1655,0,1,0,0,0,0,0,0,-5,5,-5
1656,0,1,1,0,0,0,0,0,-5,5,-5
1657,0,1,1,0,0,0,0,0,-10,5,-10
1658,0,1,1,0,0,0,0,0,-5,5,-5
1659,0,1,1,0,0,0,0,0,-10,5,-10
1660,0,1,1,0,0,0,0,0,0,5,-5
1661,0,1,1,0,0,1,0,0,-5,5,-5
1662,0,1,0,0,0,0,0,0,-5,5,-5
1663,0,1,0,0,0,0,0,0,0,5,-5
1664,0,1,0,0,0,0,0,0,-5,5,-5
1665,0,1,1,0,0,0,0,0,-5,5,-10
1666,0,1,1,0,0,0,0,0,-5,5,-5
1667,0,1,1,0,0,0,0,0,-5,5,-5
1668,0,1,0,0,0,0,0,0,0,5,-5
1669,0,1,0,0,0,0,0,0,-5,5,-5
1670,0,1,0,0,0,0,0,0,-10,5,-10
1671,0,1,0,0,0,0,0,0,-5,5,-5
1672,0,1,0,0,0,0,0,0,-5,5,-5
1673,0,1,0,0,0,0,0,0,-10,5,-5
1674,0,1,1,0,0,0,0,0,-5,5,-5
1675,0,1,1,0,0,0,0,0,-5,5,-10
1676,0,1,1,0,0,0,0,0,-5,5,-5
1677,0,1,0,0,0,0,0,0,-10,5,-5
1678,0,1,0,0,0,0,0,0,-5,5,-5
1679,0,1,0,0,0,0,0,0,-5,5,-10
1680,0,1,0,0,0,0,0,0,5,5,-5
1681,0,1,0,0,0,0,0,0,0,5,-5
1682,0,1,0,0,0,0,0,0,-10,5,-5
1683,0,1,1,0,0,0,0,0,-10,5,-5
1684,0,1,1,0,0,0,0,0,-10,5,-5
1685,0,1,1,0,0,0,0,0,-5,5,-5
1686,0,1,0,0,0,0,0,0,-5,5,-10
1687,0,1,0,0,0,0,0,0,-10,5,-5
1688,0,1,0,0,0,0,0,0,-5,5,-10
1689,0,1,0,0,0,0,0,0,-5,5,-5
1690,0,1,0,0,0,0,0,0,-5,5,-5
1691,0,1,1,0,0,0,0,0,0,5,-5
1692,0,1,1,0,0,0,0,0,-5,5,-5
1693,0,1,1,0,0,0,0,0,0,5,-10
1694,0,1,1,0,0,0,0,0,-5,5,-5
1695,0,1,1,0,0,0,0,0,-5,5,-5
1696,0,1,1,0,0,0,0,0,-5,5,-5
1697,0,1,0,0,0,0,0,0,-5,5,-5
1698,0,1,0,0,0,0,0,0,-10,5,-10
1699,0,1,0,0,0,0,0,0,-10,5,-5
1700,0,1,1,0,0,0,0,0,-10,5,-10
1701,0,1,1,0,0,0,0,0,-5,5,-5
1702,0,1,1,0,0,0,0,0,-5,5,-10
1703,0,1,0,0,0,0,0,0,-10,5,-10
1704,0,1,0,0,0,0,0,0,0,5,-10
1705,0,1,0,0,0,0,0,0,-10,5,-10
1706,0,1,0,0,0,0,0,0,-5,5,-10
1707,0,1,0,0,0,0,0,0,-10,5,-5
1708,0,1,0,0,0,0,0,0,-10,5,-5
1709,0,1,0,0,0,0,0,0,-10,5,-10
1710,0,1,0,0,0,0,0,0,-5,5,-10
1711,0,1,0,0,0,0,0,0,-10,5,-10
1712,0,1,1,0,0,0,0,0,-10,5,-10
1713,0,1,1,0,0,0,0,0,-10,5,-10
1714,0,1,1,0,0,0,0,0,-5,5,-10
1715,0,1,0,0,0,0,0,0,-10,5,-10
1716,0,1,0,0,0,0,0,0,-10,5,-10
1717,0,1,0,0,0,0,0,0,-10,0,-10
1718,0,1,1,0,0,0,0,0,-10,5,-10
1719,0,1,1,0,0,0,0,0,-10,0,-10
1720,0,1,1,0,0,0,0,0,-10,5,-10
1721,0,1,0,0,0,0,0,0,-10,5,-10
1722,0,1,0,0,0,0,0,0,-10,5,-5
1723,0,1,0,0,0,0,0,0,-10,5,-10
1724,0,1,0,0,0,0,0,0,-10,5,-10
1725,0,1,0,0,0,0,0,0,-10,5,-10
1726,0,1,0,0,0,0,0,0,-10,5,-10
1727,0,1,0,0,0,0,0,0,-10,5,-5
1728,0,1,0,0,0,0,0,0,-5,5,-5
1729,0,1,0,0,0,0,0,0,-5,5,-5
1730,0,1,1,0,0,0,0,0,-5,5,-10
1731,0,1,1,0,0,0,0,0,-10,5,-5
1732,0,1,0,0,0,0,0,0,-10,5,-10
1733,0,1,0,0,0,0,1,0,-10,0,-10
1734,1,1,0,0,0,0,1,0,-10,0,-10
1735,1,1,0,0,0,0,1,0,-10,0,-10
1736,0,1,0,0,0,0,1,0,-10,0,-5
1737,0,0,0,1,1,0,1,0,-10,0,-10
1738,0,0,0,1,1,0,0,0,-10,0,-10
1739,0,0,0,1,1,0,0,0,-10,0,-10
1740,0,0,0,1,1,0,0,0,-10,0,-10
1741,0,0,0,1,1,0,0,0,-10,0,-10
1742,0,0,0,1,1,0,0,0,-10,0,-10
1743,0,1,0,0,1,0,0,0,-10,0,-10
1744,0,0,0,1,1,0,0,0,-10,0,-10
1745,0,0,0,1,1,0,0,0,-10,0,-10
1746,0,0,0,1,1,0,0,0,-10,0,-5
1747,0,1,0,0,1,0,0,0,-10,0,-10
1748,0,0,0,1,1,0,0,0,-10,0,-10
1749,0,0,0,1,1,0,0,0,-10,0,-10
1750,0,0,0,1,1,0,0,0,-10,0,-10
1751,0,1,0,0,1,0,0,0,-5,0,-10
1752,0,1,0,0,1,0,0,0,-5,-5,-10
1753,0,0,0,1,1,0,0,0,-10,-5,-10
1754,0,0,0,1,1,0,1,0,-10,-5,-10
1755,0,0,0,1,1,0,0,0,-10,-5,-10
1756,0,0,0,1,1,0,0,0,-5,-5,-10
1757,0,0,0,1,1,0,0,0,-5,-5,-10
1758,0,0,0,1,1,0,0,0,0,-5,-10
1759,0,0,0,1,1,0,0,0,0,-5,-5
1760,0,1,0,0,1,0,0,0,-10,-5,-10
1761,0,0,0,1,1,0,0,0,-10,-5,-10
1762,0,1,0,0,1,0,0,0,0,-5,-5
1763,0,0,0,1,1,0,0,0,-5,-5,-10
1764,0,0,0,1,1,0,0,0,-5,-5,-10
1765,0,0,0,1,1,0,0,0,-5,-5,-10
1766,0,0,0,1,1,0,0,0,-10,-5,-10
1767,0,0,0,1,1,0,0,0,-5,-5,-10
1768,0,0,0,1,1,0,0,0,0,-5,-10
1769,0,0,0,1,1,0,0,0,-5,-5,-10
1770,0,0,0,1,1,0,0,0,-10,-5,-10
1771,0,0,0,1,1,0,0,0,-10,-5,-10
1772,0,0,0,1,1,0,0,0,-10,-5,-15
1773,0,0,0,1,1,0,0,0,-10,-5,-10
1774,0,0,0,1,1,0,0,0,-10,-5,-10
1775,0,0,0,1,1,0,0,0,-5,-5,-10
1776,0,0,0,1,1,0,0,0,-10,-5,-10
1777,0,0,0,1,1,0,0,0,-10,-5,-10
1778,0,0,0,1,1,0,0,0,-10,-5,-10
1779,0,0,0,1,1,0,0,0,0,-10,-10
1780,0,1,0,0,1,0,0,0,-10,-5,-10
1781,0,0,0,1,1,0,0,0,-10,-5,-10
1782,0,0,0,1,1,0,0,0,-10,-5,-10
1783,0,0,0,1,1,0,0,0,-10,-5,-10
1784,0,0,0,1,1,0,0,0,-5,-5,-10
1785,0,0,0,1,1,0,0,0,-5,-5,-10
1786,0,0,0,1,1,0,0,0,-10,-5,-10
1787,0,0,0,1,1,0,0,0,-5,-5,-10
1788,0,0,0,1,1,0,0,0,-10,-5,-10
1789,0,0,0,1,1,0,0,0,-10,-5,-10
1790,0,1,0,0,1,0,0,0,-10,-10,-10
1791,0,0,0,1,1,0,0,0,-10,-5,-10
1792,0,0,0,1,1,0,0,0,-10,-10,-10
1793,0,0,0,1,1,0,0,0,-5,-10,-10
1794,0,0,0,1,1,0,0,0,0,-10,-10
1795,0,1,0,0,1,0,0,0,-5,-5,-10
1796,0,0,0,1,1,0,0,0,5,-10,-10
1797,0,1,0,0,1,0,0,0,-10,-10,-10
1798,0,0,0,1,1,0,0,0,-10,-10,-10
1799,0,0,0,1,1,0,0,0,-10,-10,-10
1800,0,1,1,0,1,0,0,0,-10,-15,-10
1801,0,0,1,1,1,0,0,0,-10,-15,-10
1802,0,0,1,1,1,0,0,0,-10,-15,-10
1803,0,0,0,1,1,0,1,0,-15,-15,-15
1804,0,0,0,1,1,0,1,0,-5,-15,-15
1805,0,0,1,1,1,0,0,0,-10,-15,-15
1806,0,0,1,1,1,0,0,0,-5,-15,-15
1807,0,0,1,1,1,0,0,0,-10,-15,-20
1808,0,0,0,1,1,0,0,0,-5,-15,-15
1809,0,0,0,1,1,0,0,0,-5,-15,-15
1810,0,0,0,1,1,0,0,0,-10,-10,-20
1811,0,0,1,1,1,0,0,0,-10,-10,-20
1812,0,0,1,1,1,0,0,0,-10,-10,-20
1813,0,0,1,1,1,0,0,0,-15,-10,-20
1814,0,1,1,1,0,0,0,0,-10,-10,-20
1815,0,1,1,0,0,0,0,0,-10,-10,-20
1816,0,1,1,0,0,0,0,0,-10,-10,-15
1817,0,1,1,0,0,0,0,0,-5,-10,-15
1818,0,1,1,0,0,0,0,0,-10,-5,-15
1819,0,1,0,0,0,0,0,0,-10,-5,-15
1820,0,1,0,0,0,0,0,0,-10,-5,-15
1821,0,1,0,0,0,0,0,0,0,0,-15
1822,0,1,0,0,0,0,0,0,-10,0,-15
1823,0,1,0,0,0,0,0,0,-5,0,-15
1824,0,1,0,0,0,0,0,0,-5,5,-10
1825,0,1,0,0,0,0,1,0,0,5,-10
1826,0,1,0,0,0,0,0,0,-10,5,-10
1827,0,1,0,0,0,0,0,0,0,5,-10
1828,0,1,0,0,0,0,0,0,5,5,-10
1829,0,1,0,0,0,0,0,0,5,5,-10
1830,0,1,0,0,0,0,0,0,0,5,-10
1831,0,0,1,1,1,0,0,0,10,5,-5
1832,0,0,1,1,1,0,0,0,5,5,0
1833,0,1,1,1,0,0,0,0,5,10,0
1834,0,1,1,0,0,0,0,0,0,5,-5
1835,0,1,1,0,0,0,0,0,5,5,-5
1836,0,1,1,0,0,0,0,0,5,5,-5
1837,0,1,0,0,0,0,0,0,0,5,0
1838,0,1,0,0,0,0,0,0,5,5,-5
1839,0,1,0,0,0,0,0,0,5,10,-5
1840,0,1,1,0,0,0,0,0,0,5,-5
1841,0,1,1,0,0,0,0,0,5,5,-5
1842,0,1,0,0,0,0,0,0,0,5,-5
1843,0,1,0,0,0,0,0,0,5,5,-5
1844,0,1,0,0,0,0,0,0,5,5,-5
1845,0,1,0,0,0,0,0,0,0,5,-5
1846,0,1,0,0,0,0,0,0,5,5,-5
1847,0,1,0,0,0,1,0,0,0,5,-10
1848,0,1,0,0,0,0,0,0,5,5,-10
1849,0,1,0,0,0,0,0,0,5,5,-10
1850,0,1,1,0,0,0,0,0,-5,5,-10
1851,0,1,1,0,0,0,1,0,0,5,-10
1852,0,1,1,0,0,0,1,0,-5,-5,-5
1853,0,1,0,0,0,1,1,0,0,0,-10
1854,0,1,0,0,0,1,1,0,-5,0,-10
1855,0,1,0,0,0,1,1,0,0,-5,-10
1856,0,1,0,0,0,1,1,0,5,-5,-10
1857,0,1,0,0,0,0,1,0,5,-5,-10
1858,0,1,0,0,0,1,1,0,0,-5,-10
1859,0,1,0,0,0,1,1,0,0,-5,-10
1860,0,1,0,0,0,0,1,0,0,-5,-10
1861,0,1,0,0,0,1,1,0,-5,-5,-10
1862,0,1,0,0,0,0,1,0,0,-5,-10
1863,0,1,0,0,0,0,0,0,0,-5,-10
1864,0,1,0,1,0,0,1,0,-5,-5,-15
1865,0,0,1,1,1,1,1,0,0,-5,-15
1866,0,0,1,1,1,0,1,0,-5,-5,-15
1867,0,0,1,1,1,0,1,0,-10,-5,-15
1868,0,0,1,1,1,0,1,0,-5,-5,-15
1869,0,0,1,1,1,0,1,0,5,-5,-15
1870,0,1,1,0,1,0,1,0,0,0,-15
1871,0,0,0,1,1,0,1,0,-10,-5,-15
1872,0,0,0,1,1,0,1,0,-5,0,-15
1873,0,0,0,1,1,0,1,0,-10,0,-15
1874,0,0,0,1,1,0,1,0,-10,0,-20
1875,0,0,1,1,1,0,0,0,-10,-5,-15
1876,0,0,1,1,1,0,0,0,-5,0,-20
1877,0,0,1,1,1,0,0,0,-5,0,-20
1878,0,1,0,0,1,0,0,0,-10,0,-20
1879,0,0,0,1,1,0,0,0,-10,0,-20
1880,0,0,1,1,1,0,0,0,-5,5,-20
1881,0,0,1,1,1,0,0,0,-10,0,-20
1882,0,1,1,0,1,0,0,0,-10,0,-20
1883,0,0,1,1,1,0,0,0,-10,0,-20
1884,0,0,1,1,1,0,0,0,-10,0,-20
1885,0,0,1,1,1,0,0,0,-15,0,-20
1886,0,0,1,1,1,0,0,0,-10,0,-20
1887,0,0,1,1,1,0,0,0,-15,0,-20
1888,0,0,1,1,1,0,0,0,-10,0,-20
1889,0,0,1,1,1,0,0,0,-15,0,-20
1890,0,0,1,1,1,0,0,0,-10,0,-15
1891,0,0,1,1,1,0,0,0,-10,0,-20
1892,0,0,1,1,1,0,0,0,-10,0,-20
1893,0,1,1,1,0,0,0,0,-10,0,-20
1894,0,0,1,1,1,0,0,0,-10,0,-20
1895,0,0,1,1,1,0,0,0,-15,0,-20
1896,0,0,1,1,1,0,0,0,-15,0,-20
1897,0,0,1,1,1,0,0,0,-10,0,-20
1898,0,0,1,1,1,0,0,0,-10,0,-20
1899,0,0,0,1,1,0,0,0,-10,0,-20
1900,0,0,0,1,1,0,0,0,-5,0,-15
1901,0,0,0,1,1,0,0,0,-10,0,-20
1902,0,0,1,1,1,0,0,0,-10,0,-20
1903,0,0,1,1,1,0,0,0,-10,0,-20
1904,0,0,1,1,1,0,0,0,-10,0,-20
1905,0,0,1,1,1,0,0,0,-10,0,-20
1906,0,0,1,1,1,0,0,0,-15,0,-20
1907,0,1,1,1,0,0,0,0,-5,0,-20
1908,0,1,1,0,0,0,0,0,-5,5,-20
1909,0,1,0,0,0,0,1,0,-10,5,-20
1910,0,1,0,0,0,0,0,0,-10,5,-20
1911,0,1,0,0,0,0,0,0,-15,5,-15
1912,0,1,1,0,0,0,1,0,10,5,-15
1913,0,1,1,0,0,0,1,0,0,5,-10
1914,0,1,1,0,0,0,1,0,0,5,-10
1915,0,1,0,0,0,0,1,0,5,5,-10
1916,0,1,0,0,0,0,1,0,5,5,-10
1917,0,0,0,1,1,0,1,0,10,5,-5
1918,0,0,0,1,1,0,1,0,5,5,-5
1919,0,1,0,1,0,0,1,0,5,5,-5
1920,0,1,0,0,0,0,1,0,5,5,0
1921,0,1,0,0,0,0,1,0,5,5,0
1922,0,1,0,0,0,0,1,0,5,5,-5
1923,0,1,0,0,0,0,0,0,5,5,-5
1924,0,1,0,0,0,0,0,0,5,5,-10
1925,0,1,0,0,0,0,0,0,5,5,-10
1926,0,1,0,0,0,0,0,0,5,5,-10
1927,0,1,0,0,0,0,0,0,5,5,-10
1928,0,1,0,1,0,0,0,0,5,5,-10
1929,0,0,0,1,1,0,0,0,5,5,-10
1930,0,1,0,1,0,0,0,0,5,5,-10
1931,0,1,0,0,0,0,0,0,5,5,-10
1932,0,1,0,0,0,0,0,0,5,5,-5
1933,0,1,1,0,0,0,0,0,5,5,-10
1934,0,1,1,0,0,0,0,0,5,5,-5
1935,0,1,1,0,0,0,0,0,5,5,-5
1936,0,1,1,0,0,0,0,0,10,5,-10
1937,0,1,1,0,0,0,0,0,5,5,-5
1938,0,1,1,0,0,0,0,0,5,5,-5
1939,0,0,1,0,0,0,0,0,10,5,-10
1940,0,1,1,0,0,0,0,0,5,5,-5
1941,0,1,0,0,0,0,0,0,5,5,-5
1942,0,1,0,0,0,0,0,0,5,5,-5
1943,0,1,0,0,0,0,0,0,0,5,-5
1944,0,1,1,0,0,0,0,0,0,5,-5
1945,0,1,1,0,0,0,0,0,10,5,-5
1946,0,1,1,0,0,0,0,0,0,10,-5
1947,0,1,0,0,0,0,0,0,0,10,-5
1948,0,1,0,0,0,0,0,0,0,10,-5
1949,0,1,0,0,0,0,0,0,-5,10,-5
1950,0,1,1,0,0,1,0,0,0,10,-5
1951,0,1,1,0,0,0,0,0,0,10,-5
1952,0,1,1,0,0,0,0,0,0,10,-5
1953,0,1,0,1,0,0,0,0,-5,10,-5
1954,0,0,0,1,1,0,0,0,-5,10,0
1955,0,1,0,0,0,0,0,0,5,10,0
1956,0,1,0,0,0,0,0,0,0,10,0
1957,0,1,0,0,0,0,0,0,0,10,-5
1958,0,1,0,0,0,0,0,0,0,10,-5
1959,0,1,0,0,0,0,0,0,0,10,-5
1960,0,1,0,1,0,0,0,0,0,10,0
1961,0,0,0,1,1,0,0,0,0,10,-5
1962,0,0,0,1,1,0,0,0,0,10,0
1963,0,1,0,1,0,0,0,0,-5,10,-5
1964,0,1,0,0,0,0,0,0,0,10,0
1965,0,1,0,0,0,0,0,0,0,10,-5
1966,0,1,0,0,0,0,0,0,0,10,-5
1967,0,1,0,0,0,0,0,0,-5,10,0
1968,0,1,0,0,0,0,0,0,-5,10,-5
1969,0,1,0,0,0,0,0,0,-10,10,-5
1970,0,1,0,0,0,0,0,0,-10,10,-5
1971,0,1,0,0,0,0,0,0,5,10,-5
1972,0,1,0,0,0,0,0,0,-5,10,0
1973,0,1,0,0,0,0,0,0,-5,10,-5
1974,0,1,0,0,0,0,1,0,-5,10,-5
1975,0,1,0,0,0,0,0,0,-5,10,-5
1976,0,1,0,0,0,1,0,0,-5,10,0
1977,0,1,0,0,0,0,0,0,-5,10,-5
1978,0,1,0,0,0,1,0,0,0,10,0
1979,0,1,0,0,0,1,0,0,-5,10,0
1980,0,0,0,1,1,0,0,0,-5,10,0
1981,0,1,0,1,0,0,0,0,-5,10,0
1982,0,1,0,0,0,0,0,0,-5,10,0
1983,0,1,0,0,0,0,0,0,-5,10,-5
1984,0,1,0,0,0,0,0,0,-5,10,0
1985,0,1,0,0,0,0,0,0,-5,10,0
1986,0,1,0,0,0,0,0,0,0,10,0
1987,0,1,0,0,0,0,0,0,-5,10,-5
1988,0,1,0,0,0,1,0,0,-5,10,-5
1989,0,1,0,0,0,1,0,0,-10,10,-5
1990,0,1,0,0,0,0,0,0,0,10,-5
1991,0,1,0,0,0,0,0,0,0,10,-5
1992,0,1,0,0,0,1,0,0,-5,10,-5
1993,0,1,0,0,0,0,0,0,0,10,0
1994,0,1,0,0,0,0,0,0,-5,10,0
1995,0,1,0,0,0,0,0,0,0,10,0
1996,0,1,0,0,0,0,0,0,-5,10,0
1997,0,1,0,0,0,0,0,0,-10,10,-5
1998,0,1,0,0,0,0,0,0,-5,10,0
1999,0,1,0,0,0,0,0,0,-10,10,-5
2000,0,1,0,0,0,0,0,0,0,10,-5
2001,0,1,0,0,0,0,0,0,-5,10,0
2002,0,1,0,0,0,0,0,0,-5,10,0
2003,0,1,0,0,0,0,0,0,0,10,-5
2004,0,1,0,0,0,0,0,0,-10,10,-5
2005,0,1,0,0,0,0,0,0,5,10,0
2006,0,1,1,0,0,0,0,0,-5,10,-5
2007,0,1,1,0,0,0,0,0,-5,10,-5
2008,0,1,1,0,0,0,0,0,-10,10,-5
2009,0,1,0,0,0,0,0,0,0,10,0
2010,0,1,0,0,0,0,0,0,0,10,0
2011,0,1,0,0,0,0,0,0,-5,10,-5
2012,0,1,1,0,0,0,0,0,0,10,-5
2013,0,1,1,0,0,0,0,0,0,10,0
2014,0,1,1,0,0,0,0,0,-5,10,-5
2015,0,1,0,0,0,0,0,0,-5,10,-5
2016,0,1,0,0,0,0,0,0,-5,10,0
2017,0,1,0,0,0,0,0,0,-10,10,-5
2018,0,1,0,0,0,0,0,0,5,10,0
2019,0,1,0,0,0,0,0,0,-5,10,-5
2020,0,1,0,0,0,0,0,0,-5,10,0
2021,0,1,0,0,0,0,0,0,-5,10,0
2022,0,1,0,0,0,0,0,0,0,10,0
2023,0,1,0,0,0,0,0,0,-10,10,-5
2024,0,1,0,0,0,0,0,0,0,10,-5
2025,0,1,0,0,0,0,0,0,0,10,-5
2026,0,1,0,0,0,0,0,0,-10,10,-5
2027,0,1,0,0,0,0,0,0,0,10,-5
2028,0,1,0,0,0,0,0,0,-5,10,-10
2029,0,1,0,0,0,0,0,0,-5,10,-5
2030,0,1,0,0,0,0,0,0,-5,10,-10
2031,0,1,0,0,0,0,0,0,-5,10,-10
2032,0,1,0,0,0,0,0,0,-10,10,-10
2033,0,1,0,0,0,0,0,0,-5,10,-10
2034,0,1,0,0,0,0,0,0,0,15,-10
2035,0,1,0,0,0,0,0,0,-5,15,-10
2036,0,1,0,0,0,0,0,0,-5,15,-10
2037,0,1,0,0,0,0,0,0,-5,15,-10
2038,0,1,0,0,0,0,0,0,-5,15,-10
2039,0,1,0,0,0,0,0,0,-5,15,-5
2040,0,1,0,0,0,0,0,0,-5,15,-10
2041,0,1,0,1,0,0,0,0,-5,15,-10
2042,0,0,0,1,1,0,0,0,0,15,-10
2043,0,1,0,0,1,0,0,0,5,15,-5
2044,0,1,0,1,0,0,0,0,0,15,-5
2045,0,1,0,0,0,0,0,0,5,15,-10
2046,0,1,0,0,0,0,0,0,-5,15,-10
2047,0,1,0,0,0,0,0,0,-5,15,-10
2048,0,1,0,0,0,0,0,0,-5,15,-5
2049,0,1,0,0,0,1,0,0,-5,15,-10
2050,0,1,0,0,0,0,0,0,0,15,-5
2051,0,1,0,0,0,0,0,0,0,15,-5
2052,0,1,0,0,0,0,0,0,-5,15,-10
2053,0,1,0,0,0,0,0,0,0,15,-5
2054,0,1,0,0,0,0,0,0,0,15,-5
2055,0,1,0,0,0,0,0,0,0,15,-10
2056,0,1,0,0,0,1,0,0,-5,15,-10
2057,0,1,0,0,0,0,0,0,-5,15,-10
2058,0,1,0,0,0,1,0,0,0,15,-5
2059,0,1,0,0,0,0,0,0,0,15,-10
2060,0,1,0,0,0,0,0,0,5,15,-10
2061,0,1,0,0,0,0,0,0,-5,15,-10
2062,0,1,0,0,0,0,0,0,-5,15,-10
2063,0,1,1,0,0,0,0,0,0,15,-10
2064,0,1,1,0,0,0,0,0,-10,15,-10
2065,0,1,1,0,0,0,0,0,0,15,-10
2066,0,1,0,0,0,0,0,0,-5,15,-10
2067,0,1,0,0,0,0,0,0,-5,15,-10
2068,0,1,0,0,0,0,0,0,0,15,-10
2069,0,1,0,0,0,0,0,0,-5,15,-10
2070,0,1,0,0,0,0,0,0,0,15,-10
2071,0,1,0,0,0,0,0,0,0,15,-5
2072,0,1,1,0,0,0,0,0,-5,15,-5
2073,0,1,1,0,0,0,0,0,-5,15,-5
2074,0,1,1,0,0,0,0,0,-10,15,-10
2075,0,1,1,0,0,1,0,0,-5,15,-5
2076,0,1,1,0,0,0,0,0,0,15,-5
2077,0,1,1,0,0,0,0,0,-5,15,-10
2078,0,1,0,0,0,0,0,0,0,15,-10
2079,0,1,0,0,0,0,0,0,-5,15,-10
2080,0,1,0,0,0,0,0,0,-10,15,-5
2081,0,1,0,0,0,0,0,0,-10,15,-10
2082,0,1,0,0,0,0,0,0,-10,15,-10
2083,0,1,0,0,0,0,0,0,-10,15,-10
2084,0,1,0,0,0,0,0,0,-10,10,-10
2085,0,1,0,0,0,0,0,0,-10,10,-10
2086,0,1,0,0,0,0,0,0,-10,10,-10
2087,0,1,0,0,0,0,0,0,-10,5,-10
2088,0,1,0,0,0,0,0,0,-10,5,-10
2089,0,1,0,0,0,1,0,0,-10,5,-5
2090,0,1,0,0,0,0,0,0,-10,5,-5
2091,0,1,1,0,0,0,0,0,-10,5,-10
2092,0,1,1,0,0,1,0,0,-10,0,-10
2093,0,1,1,0,0,0,0,0,0,0,-5
2094,0,1,0,0,0,0,0,0,0,5,-5
2095,0,1,0,0,0,0,0,0,5,0,-5
2096,0,1,0,0,0,0,0,0,-10,0,-5
2097,0,1,0,0,0,0,0,0,-10,0,-5
2098,0,1,0,0,0,0,0,0,0,0,-5
2099,0,1,0,0,0,0,0,0,0,0,-5
2100,0,1,0,0,0,0,0,0,0,0,-5
2101,0,1,0,0,0,0,0,0,-5,0,-5
2102,0,1,0,0,0,0,0,0,-5,0,0
2103,0,1,1,0,0,0,0,0,-5,0,0
2104,0,1,1,0,0,0,0,0,5,0,-5
2105,0,1,1,0,0,0,0,0,0,0,-5
2106,0,1,1,0,0,0,0,0,0,0,-5
2107,0,1,1,0,0,0,0,0,-5,0,0
2108,0,1,1,0,0,0,0,0,-5,-5,-5
2109,0,1,1,0,0,0,0,0,-10,0,0
2110,0,1,1,0,0,0,0,0,-5,0,-5
2111,0,1,1,0,0,0,0,0,0,0,-5
2112,0,1,1,0,0,0,0,0,0,0,0
2113,0,1,1,0,0,0,0,0,0,0,0
2114,0,1,1,0,0,0,0,0,0,-5,-5
2115,0,1,1,0,0,0,0,0,-5,0,0
2116,0,1,1,0,0,0,0,0,0,-5,0
2117,0,1,1,0,0,1,0,0,-5,0,-5
2118,0,1,0,0,0,0,0,0,0,0,-5
2119,0,1,0,0,0,1,0,0,-5,0,-5
2120,0,1,0,0,0,0,0,0,0,0,0
2121,0,1,1,0,0,0,0,0,0,0,-5
2122,0,1,1,0,0,0,0,0,-5,0,-5
2123,0,1,1,0,0,0,0,0,0,0,-5
2124,0,1,1,0,0,0,0,0,-5,0,-5
2125,0,1,1,0,0,0,0,0,-5,0,-5
2126,0,1,1,0,0,0,0,0,0,0,-5
2127,0,1,1,0,0,0,0,0,0,0,-5
2128,0,1,1,0,0,1,0,0,0,0,-5
2129,0,1,1,0,0,0,0,0,0,0,-5
2130,0,1,1,0,0,0,0,0,-5,0,-5
2131,0,1,1,0,0,0,0,0,0,-5,-5
2132,0,0,1,0,0,0,0,0,15,0,-10
2133,0,1,1,0,0,0,0,0,-5,0,-5
2134,0,1,1,0,0,1,0,0,0,0,-5
2135,0,1,1,0,0,0,0,0,0,0,-5
2136,0,1,1,0,0,0,0,0,0,-5,-5
2137,0,1,0,0,0,0,0,0,-5,0,-5
2138,0,1,0,0,0,0,0,0,5,0,-5
2139,0,1,0,0,0,0,0,0,0,0,-5
2140,0,1,1,0,0,0,0,0,-5,0,-5
2141,0,1,1,0,0,1,0,0,0,0,0
2142,0,1,1,0,0,0,0,0,0,-5,-5
2143,0,1,1,0,0,0,0,0,0,5,-5
2144,0,1,1,0,0,0,0,0,-5,5,0
2145,0,1,1,0,0,0,0,0,-5,0,-5
2146,0,1,1,0,0,0,0,0,0,5,-5
2147,0,1,1,0,0,0,0,0,0,5,0
2148,0,1,1,0,0,0,0,0,5,5,-5
2149,0,1,1,0,0,0,0,0,-5,5,0
2150,0,1,1,0,0,0,0,0,0,5,-5
2151,0,1,1,0,0,0,0,0,0,5,-5
2152,0,0,1,0,0,0,0,0,15,5,0
2153,0,1,1,0,0,0,0,0,0,5,-5
2154,0,1,1,0,0,0,0,0,-5,5,-5
2155,0,1,1,0,0,0,0,0,-5,5,-5
2156,0,1,1,0,0,0,0,0,5,5,0
2157,0,1,1,0,0,0,0,0,5,5,-5
2158,0,1,1,0,0,0,0,0,0,5,-5
2159,0,1,1,0,0,0,0,0,0,5,-5
2160,0,1,1,0,0,0,0,0,-5,5,-5
2161,0,1,1,0,0,1,0,0,0,5,0
2162,0,1,1,0,0,0,0,0,0,5,-5
2163,0,1,1,0,0,0,0,0,5,5,0
2164,0,1,1,0,0,0,0,0,0,5,0
2165,0,1,1,0,0,0,0,0,5,5,0
2166,0,1,0,0,0,0,0,0,0,5,-5
2167,0,1,0,0,0,0,0,0,0,5,-5
2168,0,1,0,0,0,0,0,0,0,5,-5
2169,0,1,1,0,0,0,0,0,0,5,0
2170,0,1,1,0,0,0,0,0,0,5,-5
2171,0,1,1,0,0,1,0,0,5,5,-5
2172,0,1,1,0,0,0,0,0,-5,5,-5
2173,0,1,1,0,0,1,0,0,5,5,0
2174,0,1,0,0,0,0,0,0,0,5,-5
2175,0,1,0,0,0,0,0,0,0,5,-5
2176,0,1,0,0,0,0,0,0,5,5,-5
2177,0,1,0,0,0,0,0,0,0,5,0
2178,0,1,0,0,0,0,0,0,5,5,0
2179,0,1,0,0,0,0,0,0,0,5,0
2180,0,1,1,0,0,0,0,0,5,5,-5
2181,0,1,1,0,0,1,0,0,0,5,0
2182,0,1,1,0,0,0,0,0,5,5,0
2183,0,1,1,0,0,0,0,0,5,5,0
2184,0,1,1,0,0,0,0,0,0,5,0
2185,0,1,1,0,0,0,0,0,5,5,-5
2186,0,1,0,0,0,0,0,0,10,5,0
2187,0,1,0,0,0,0,0,0,5,5,0
2188,0,1,0,0,0,0,0,0,5,5,-5
2189,0,1,1,0,0,0,0,0,0,5,-5
2190,0,1,1,0,0,0,1,0,0,5,-5
2191,0,1,1,0,0,1,1,0,0,5,0
2192,0,1,0,0,0,0,1,0,0,5,-5
2193,1,1,0,0,0,0,1,0,-5,5,-5
2194,1,1,0,0,0,1,1,0,5,5,0
2195,1,1,0,0,0,0,1,0,0,5,-5
2196,0,1,0,0,0,0,1,0,0,5,-5
2197,0,1,0,0,0,0,0,0,0,5,-5
2198,1,1,1,0,0,1,0,0,-5,5,0
2199,0,1,1,0,0,0,0,0,-5,5,0
2200,0,1,1,0,0,0,0,0,0,5,0
2201,1,1,1,0,0,0,0,0,0,5,-5
2202,1,1,1,0,0,0,0,0,0,5,0
2203,1,1,1,0,0,0,0,0,0,5,-5
2204,1,1,1,0,0,0,0,0,-5,5,0
2205,1,1,1,0,0,0,0,0,0,5,-5
2206,1,1,1,0,0,1,0,0,-5,5,0
2207,0,1,1,0,0,0,0,0,0,5,-5
2208,1,1,1,0,0,0,0,0,0,5,0
2209,1,1,1,0,0,1,0,0,-5,5,0
2210,1,1,1,0,0,0,0,0,0,5,0
2211,0,1,1,0,0,0,0,0,0,5,0
2212,0,1,1,0,0,0,0,0,0,5,-5
2213,0,1,0,0,0,1,0,0,0,5,0
2214,0,1,0,0,0,0,0,0,0,5,0
2215,0,1,0,0,0,1,0,0,0,5,-5
2216,0,1,1,0,0,0,0,0,0,5,0
2217,1,1,1,0,0,1,0,0,0,5,-5
2218,0,1,1,0,0,0,0,0,0,5,0
2219,1,1,0,0,0,0,0,0,0,5,0
2220,0,1,0,0,0,0,0,0,0,5,0
2221,0,1,0,0,0,0,0,0,0,5,-5
2222,0,1,1,0,0,0,0,0,5,5,-5
2223,0,1,1,0,0,0,0,0,-5,5,-5
2224,0,1,1,0,0,0,0,0,0,5,-5
2225,0,1,1,0,0,0,0,0,0,5,-5
2226,1,1,1,0,0,0,0,0,-5,5,-5
2227,0,1,1,0,0,0,0,0,0,5,-5
2228,0,1,0,0,0,0,0,0,0,5,-5
2229,0,1,0,0,0,0,0,0,0,5,-5
2230,0,1,0,0,0,0,0,0,0,5,-5
2231,0,1,0,0,0,0,0,0,-5,5,0
2232,1,1,0,0,0,0,0,0,0,5,-5
2233,0,1,0,0,0,1,0,0,0,5,-5
2234,1,1,1,0,0,0,0,0,-5,5,-5
2235,0,1,1,0,0,0,0,0,0,5,-5
2236,1,1,1,0,0,0,0,0,-5,5,-5
2237,0,1,0,0,0,0,0,0,0,5,-5
2238,1,1,0,0,0,0,0,0,-5,5,-5
2239,0,1,0,0,0,0,0,0,0,5,-5
2240,1,1,0,0,0,0,0,0,0,5,-5
2241,1,1,0,0,0,0,0,0,-5,5,-5
2242,1,1,0,0,0,0,0,0,0,5,-5
2243,0,1,0,0,0,0,0,0,-5,5,-5
2244,0,0,0,0,0,0,0,1,20,5,0
2245,0,1,0,0,0,0,0,0,-5,5,-5
2246,1,1,1,0,0,0,0,0,-5,5,-5
2247,0,1,1,0,0,0,0,0,-5,5,-5
2248,1,1,1,1,0,0,1,0,-10,5,-10
2249,0,0,0,1,1,0,1,0,-20,0,-10
2250,0,0,0,1,0,0,1,1,-30,-5,-10
2251,-1,0,-1,-1,-1,-1,-1,1,-35,-5,-10
2252,-1,0,-1,-1,-1,-1,-1,1,-40,-5,-10
2253,-1,0,-1,-1,-1,-1,-1,1,-40,-10,-10
2254,-1,0,-1,-1,-1,-1,-1,1,-40,-10,-10
2255,-1,0,-1,-1,-1,-1,-1,1,-40,-15,-10
2256,-1,0,-1,-1,-1,-1,-1,1,-40,-15,-10
2257,-1,0,-1,-1,-1,-1,-1,1,-40,-15,-10
2258,-1,0,-1,-1,-1,-1,-1,1,-40,-15,-10
2259,-1,0,-1,-1,-1,-1,-1,1,-45,-20,-5
2260,0,0,0,1,0,0,1,1,-25,-15,-10
2261,-1,0,-1,-1,-1,-1,-1,1,-30,-15,-15
2262,-1,0,-1,-1,-1,-1,-1,1,-30,-20,-10
2263,-1,0,-1,-1,-1,-1,-1,1,-40,-20,-10
2264,0,0,1,1,0,1,1,0,-20,10,-20
2265,0,0,1,1,0,1,1,1,-25,10,-20
2266,-1,0,-1,-1,-1,-1,-1,1,-35,-15,-10
2267,0,0,1,0,0,0,1,1,-30,-20,-5
2268,0,0,1,1,0,0,1,1,-25,-15,-10
2269,-1,0,-1,-1,-1,-1,-1,1,-45,-15,-10
2270,-1,0,-1,-1,-1,-1,-1,1,-35,-20,-5
2271,0,0,1,1,0,0,1,1,-25,-15,-20
2272,-1,0,-1,-1,-1,-1,-1,1,-40,-20,-5
2273,-1,0,-1,-1,-1,-1,-1,1,-30,-15,-5
2274,-1,0,-1,-1,-1,-1,-1,1,-40,-15,-10
2275,-1,0,-1,-1,-1,-1,-1,1,-35,-15,-10
2276,-1,0,-1,-1,-1,-1,-1,1,-40,-25,0
2277,-1,0,-1,-1,-1,-1,-1,1,-30,-15,0
2278,-1,0,-1,-1,-1,-1,-1,1,-40,-25,-5
2279,-1,0,-1,-1,-1,-1,-1,1,-30,-20,-5
2280,-1,0,-1,-1,-1,-1,-1,1,-35,-20,-5
2281,-1,0,-1,-1,-1,-1,-1,1,-35,-20,-5
2282,-1,0,-1,-1,-1,-1,-1,1,-40,-15,-10
2283,-1,0,-1,-1,-1,-1,-1,1,-40,-20,-10
2284,-1,0,-1,-1,-1,-1,-1,1,-50,-60,20
2285,-1,0,-1,-1,-1,-1,-1,1,-40,-20,-10
2286,-1,0,-1,-1,-1,-1,-1,1,-40,-15,-10
2287,-1,0,-1,-1,-1,-1,-1,1,-35,-20,0
2288,-1,0,-1,-1,-1,-1,-1,1,-40,-15,-5
2289,-1,0,-1,-1,-1,-1,-1,1,-45,-15,-10
2290,-1,0,-1,-1,-1,-1,-1,1,-35,-15,-15
2291,-1,0,-1,-1,-1,-1,-1,1,-35,-15,-5
2292,-1,0,-1,-1,-1,-1,-1,1,-40,-20,-5
2293,0,0,0,0,0,0,0,0,-5,-5,-5
2294,-1,0,-1,-1,-1,-1,-1,1,-40,-15,-10
2295,0,0,1,0,0,0,1,1,-30,-15,-10
2296,-1,0,-1,-1,-1,-1,-1,1,-40,-15,-10
2297,-1,0,-1,-1,-1,-1,-1,1,-45,-20,-10
2298,-1,0,-1,-1,-1,-1,-1,1,-35,-15,-10
2299,-1,0,-1,-1,-1,-1,-1,1,-30,-15,-10
2300,-1,0,-1,-1,-1,-1,-1,1,-30,-15,-10
2301,-1,0,-1,-1,-1,-1,-1,1,-40,-15,-10
2302,0,0,1,1,0,0,1,1,-30,-15,-10
2303,0,0,1,0,0,0,1,1,-30,-15,-5
2304,-1,0,-1,-1,-1,-1,-1,1,-30,-15,-5
2305,-1,0,-1,-1,-1,-1,-1,1,-35,-15,-10
2306,0,0,0,0,0,0,1,1,-30,-20,5
2307,0,0,1,0,0,0,1,1,-30,-15,0
2308,0,0,1,0,0,0,1,1,-30,-15,-10
2309,-1,0,-1,-1,-1,-1,-1,1,-35,-10,-15
2310,-1,0,-1,-1,-1,-1,-1,1,-40,-15,0
2311,-1,0,-1,-1,-1,-1,-1,1,-35,-15,-15
2312,-1,0,-1,-1,-1,-1,-1,1,-30,-15,-5
2313,0,0,0,0,0,0,1,1,-30,-15,-10
2314,-1,0,-1,-1,-1,-1,-1,1,-35,-10,-15
2315,0,0,0,0,0,0,1,1,-25,-15,0
2316,-1,0,-1,-1,-1,-1,-1,1,-35,-15,-5
2317,0,0,1,0,0,0,1,1,-30,-15,-10
2318,-1,0,-1,-1,-1,-1,-1,1,-30,-10,-10
2319,0,0,1,0,0,0,1,1,-25,-15,-5
2320,0,0,1,0,0,1,1,1,-30,-15,-10
2321,-1,0,-1,-1,-1,-1,-1,1,-30,-15,-10
2322,-1,0,-1,-1,-1,-1,-1,1,-35,-15,-10
2323,-1,0,-1,-1,-1,-1,-1,1,-40,-15,-5
2324,0,0,1,1,0,0,1,1,-25,-15,-5
2325,-1,0,-1,-1,-1,-1,-1,1,-30,-15,-10
2326,-1,0,-1,-1,-1,-1,-1,1,-40,-15,-5
2327,0,0,1,0,0,0,1,1,-30,-15,5
2328,-1,0,-1,-1,-1,-1,-1,1,-40,-15,0
2329,0,0,1,0,0,0,1,1,-25,-15,5
2330,-1,0,-1,-1,-1,-1,-1,1,-40,-15,-5
2331,0,0,1,0,0,0,1,1,-30,-15,-10
2332,-1,0,-1,-1,-1,-1,-1,1,-30,-15,-10
2333,0,0,1,0,0,1,1,1,-25,-15,0
2334,-1,0,-1,-1,-1,-1,-1,1,-40,-10,-10
2335,-1,0,-1,-1,-1,-1,-1,1,-40,-15,-10
2336,-1,0,-1,-1,-1,-1,-1,1,-40,-15,5
2337,-1,0,-1,-1,-1,-1,-1,1,-35,-10,-10
2338,-1,0,-1,-1,-1,-1,-1,1,-30,-15,5
2339,-1,0,-1,-1,-1,-1,-1,1,-45,-15,-5
2340,0,0,1,1,0,0,1,1,-30,-15,-5
2341,-1,0,-1,-1,-1,-1,-1,1,-40,-10,-15
2342,-1,0,-1,-1,-1,-1,-1,1,-35,-15,5
2343,-1,0,-1,-1,-1,-1,-1,1,-40,-15,-10
2344,-1,0,-1,-1,-1,-1,-1,1,-40,-15,-5
2345,-1,0,-1,-1,-1,-1,-1,1,-30,-15,5
2346,-1,0,-1,-1,-1,-1,-1,1,-30,-15,0
2347,-1,0,-1,-1,-1,-1,-1,1,-30,-15,-10
2348,-1,0,-1,-1,-1,-1,-1,1,-40,-10,-10
2349,0,0,0,1,0,1,1,1,-25,-15,0
2350,-1,0,-1,-1,-1,-1,-1,1,-35,-10,-15
2351,0,0,0,1,0,0,1,1,-30,-10,-15
2352,-1,0,-1,-1,-1,-1,-1,1,-30,-10,-10
2353,0,0,0,0,0,0,1,0,-25,-10,-10
2354,0,0,0,0,0,1,1,0,-20,-5,-10
2355,0,1,1,0,0,0,1,0,-15,-10,-10
2356,0,1,1,0,0,1,1,0,-10,-5,-10
2357,0,1,1,0,0,1,1,0,-10,-5,-15
2358,0,1,1,0,0,1,1,0,5,5,-10
2359,0,1,1,0,0,0,1,0,-10,5,-15
2360,0,1,1,0,0,0,1,0,10,-5,-10
2361,0,1,1,0,0,0,1,0,10,-10,-15
2362,0,1,1,0,0,1,1,0,5,-5,-10
2363,0,0,1,0,0,1,1,0,10,-10,-15
2364,0,0,0,0,0,0,0,0,-5,-5,-5
2365,0,0,0,0,0,0,0,0,-5,-5,-5
2366,0,0,0,0,0,1,1,0,15,-5,-10
2367,0,0,0,0,0,1,1,0,10,-5,-10
2368,0,0,0,0,0,0,0,0,-5,-5,-5
2369,0,1,0,0,0,0,1,0,10,-10,-10
2370,0,0,0,0,0,0,0,0,-5,-5,-5
2371,0,0,0,0,0,0,1,0,10,-5,-10
2372,0,0,0,0,0,0,1,0,10,-10,-15
2373,0,1,0,0,0,1,1,0,10,0,-10
2374,0,0,0,0,0,0,0,0,-5,-5,-5
2375,0,0,1,0,0,1,1,0,10,-5,-10
2376,0,0,1,0,0,1,1,0,10,-5,-10
2377,0,0,1,0,0,0,1,0,10,-5,-15
2378,0,0,0,0,0,1,1,0,10,-5,-10
2379,0,1,0,0,0,1,1,0,5,0,-10
2380,0,1,0,0,0,1,1,0,10,0,-10
2381,0,0,0,0,0,0,0,0,-5,-5,-5
2382,0,0,0,0,0,0,0,0,-5,-5,-5
2383,0,1,0,0,0,0,1,0,5,0,-10
2384,0,0,0,0,0,0,0,0,-5,-5,-5
2385,0,1,0,0,0,0,1,0,5,5,-10
2386,0,1,0,0,0,0,1,0,5,0,-10
2387,0,0,0,0,0,0,0,0,-5,-5,-5
2388,0,1,0,0,0,1,1,0,5,5,-10
2389,0,1,0,0,0,1,1,0,0,5,-10
2390,0,1,0,0,0,0,1,0,0,5,-10
2391,0,1,0,0,0,0,1,0,-5,5,-10
2392,0,1,0,0,0,1,1,0,-5,5,-10
2393,0,1,0,0,0,1,1,0,5,5,-10
2394,0,1,1,0,0,1,1,0,-10,5,-10
2395,0,1,1,0,0,1,1,0,0,5,-10
2396,0,1,1,0,0,0,1,0,-10,5,-10
2397,0,1,0,0,0,1,1,0,0,5,-10
2398,0,1,0,0,0,0,1,0,-10,5,-15
2399,0,1,0,0,0,1,1,0,0,0,-10
2400,0,1,0,0,0,1,1,0,5,0,-10
2401,0,1,0,0,0,1,1,0,5,-5,-10
2402,0,1,0,0,0,1,1,0,5,-5,-10
2403,0,0,0,0,0,0,1,0,10,-5,-15
2404,0,0,0,0,0,1,1,0,10,-5,-15
2405,0,0,0,0,0,0,1,0,10,-10,-10
2406,0,0,0,0,0,0,1,1,20,-10,-15
2407,0,0,0,0,0,1,1,0,15,-10,-15
2408,0,0,0,0,0,0,1,1,20,-10,-10
2409,-1,0,-1,-1,-1,-1,-1,1,25,-10,-15
2410,0,0,0,0,0,0,1,0,10,-10,-15
2411,0,0,0,0,0,0,1,1,20,-15,-15
2412,0,0,0,0,0,0,1,0,15,-10,-5
2413,0,1,0,0,0,0,1,0,0,0,-15
2414,0,1,0,0,0,0,1,0,5,-15,-10
2415,0,0,0,0,0,0,0,0,35,-10,-10
2416,0,0,0,0,0,0,1,0,15,-5,-10
2417,0,0,0,0,0,0,1,1,25,-10,-15
2418,0,0,0,0,0,0,1,1,25,-10,-15
2419,-1,0,-1,-1,-1,-1,-1,1,25,-10,-15
2420,-1,0,-1,-1,-1,-1,-1,1,30,-10,-15
2421,0,0,0,0,0,0,0,1,20,-10,-15
2422,0,0,0,0,0,0,0,0,20,-10,-15
2423,0,0,1,0,0,0,0,0,20,-10,-15
2424,0,0,1,0,0,0,0,0,20,-10,-15
2425,0,0,1,0,0,0,0,1,20,-5,-15
2426,0,0,0,0,0,0,0,1,20,-5,-15
2427,0,0,0,0,0,0,0,1,20,-5,-15
2428,0,0,0,0,0,0,0,1,20,-5,-15
2429,0,0,0,0,0,0,1,1,25,-5,-15
2430,0,0,0,0,0,0,1,0,15,-5,-15
2431,0,0,0,0,0,0,1,0,20,-5,-15
2432,0,0,0,1,1,0,1,0,15,-5,-15
2433,0,0,0,1,1,0,1,0,15,-5,-15
2434,0,0,0,1,0,0,1,0,15,-5,-15
2435,0,0,0,0,0,0,0,0,15,-5,-15
2436,0,0,0,0,0,0,1,0,15,-5,-15
2437,0,0,0,0,0,0,1,0,15,-5,-15
2438,0,0,0,0,0,0,1,0,15,-5,-15
2439,0,0,0,0,0,0,0,0,10,0,-15
2440,0,0,0,0,0,0,0,0,15,0,-15
2441,0,0,0,0,0,0,1,0,10,0,-15
2442,0,0,0,0,0,0,1,0,10,0,-15
2443,0,0,0,0,0,0,1,0,10,0,-15
2444,0,0,0,0,0,0,1,0,15,0,-10
2445,0,0,0,0,0,0,1,0,10,0,-15
2446,0,0,0,0,0,0,1,0,15,0,-10
2447,0,0,0,0,0,0,1,0,15,0,-10
2448,0,0,0,0,0,0,1,0,15,0,-10
2449,0,0,0,0,0,0,0,0,-5,-5,-5
2450,0,0,0,0,0,0,1,0,10,0,-15
2451,0,0,0,0,0,0,0,0,-5,-5,-5
2452,0,0,0,0,0,1,1,0,10,5,-15
2453,0,1,0,0,0,1,1,0,5,5,-15
2454,0,0,0,0,0,0,1,0,15,5,-10
2455,0,0,0,0,0,1,1,0,10,5,-10
2456,0,1,0,0,0,1,1,0,10,5,-15
2457,0,0,0,0,0,1,1,0,10,5,-10
2458,0,1,0,0,0,0,1,0,10,5,-10
2459,0,1,0,0,0,0,1,0,0,5,-15
2460,0,1,0,0,0,1,1,0,5,5,-10
2461,0,1,0,0,0,1,1,0,10,5,-10
2462,0,1,0,0,0,0,1,0,5,5,-15
2463,0,1,0,0,0,1,1,0,5,10,-10
2464,0,1,0,0,0,0,1,0,5,5,-15
