Speed,Yaw,RPM,Gear,Fuel
0.07,6.28,104.72,0,10.05
0.07,6.28,117.92,0,10.05
0.07,6.28,131.12,0,10.05
0.07,6.28,144.32,0,10.05
0.07,6.28,157.52,0,10.05
0.07,6.28,171.20,0,10.05
0.07,6.28,185.85,0,10.05
0.07,6.28,201.55,0,10.05
0.07,6.28,218.34,0,10.05
0.07,6.28,236.22,0,10.05
0.07,6.28,255.24,0,10.05
0.07,6.28,275.48,0,10.05
0.07,6.28,297.06,0,10.05
0.07,6.28,320.07,0,10.05
0.07,6.28,344.47,0,10.05
0.07,6.28,370.32,0,10.05
0.07,6.28,397.49,0,10.05
0.04,6.28,435.54,1,10.05
0.60,6.28,464.49,1,10.05
1.05,6.28,491.88,1,10.05
1.81,6.28,514.09,1,10.05
2.60,6.28,528.82,1,10.04
3.53,6.28,534.68,1,10.04
4.47,6.28,534.10,1,10.04
5.47,6.28,530.13,1,10.04
6.56,6.28,521.87,1,10.04
7.63,6.28,495.74,1,10.04
9.02,6.28,449.47,1,10.04
10.26,6.28,387.12,1,10.04
11.53,6.29,318.77,1,10.04
12.62,6.29,257.61,1,10.04
13.42,6.29,215.81,1,10.04
14.27,6.29,198.11,1,10.04
15.00,6.29,197.37,1,10.04
15.81,6.29,203.15,1,10.04
16.64,6.29,211.26,1,10.04
17.41,6.29,220.44,1,10.04
18.27,6.29,230.65,1,10.04
19.19,6.29,241.95,1,10.04
20.08,6.29,254.16,1,10.04
21.02,6.29,267.12,1,10.04
22.02,6.29,280.82,1,10.04
23.06,6.29,295.44,1,10.03
24.14,6.29,311.11,1,10.03
25.27,6.29,327.78,1,10.03
26.44,6.29,345.63,1,10.03
27.66,6.29,365.04,1,10.03
28.93,6.29,385.69,1,10.03
30.24,6.29,408.06,1,10.03
31.61,6.29,433.14,1,10.03
33.16,6.29,465.88,1,10.03
34.77,6.30,496.33,1,10.03
36.38,6.30,516.65,1,10.03
37.98,6.30,535.57,1,10.03
39.56,6.30,554.32,1,10.03
41.13,6.30,572.93,1,10.03
42.68,6.30,588.79,1,10.02
44.20,6.30,601.64,1,10.02
45.68,6.30,614.00,1,10.02
47.11,6.30,626.17,1,10.02
48.49,6.30,639.35,1,10.02
49.84,6.30,653.03,1,10.02
51.15,6.31,666.56,1,10.02
52.15,6.31,374.12,2,10.02
52.14,6.31,375.24,2,10.02
52.12,6.31,376.36,2,10.02
52.10,6.31,377.47,2,10.02
52.09,6.31,378.58,2,10.02
52.54,6.31,364.47,2,10.02
53.31,6.31,370.83,2,10.02
54.09,0.03,376.72,2,10.02
54.88,0.03,382.45,2,10.02
55.67,0.03,388.17,2,10.02
56.48,0.03,393.94,2,10.01
57.29,0.04,399.80,2,10.01
58.11,0.04,405.73,2,10.01
58.93,0.04,411.74,2,10.01
59.77,0.04,417.82,2,10.01
60.61,0.04,423.97,2,10.01
61.46,0.04,430.20,2,10.01
62.32,0.04,436.49,2,10.01
63.18,0.04,442.86,2,10.01
64.06,0.04,449.30,2,10.01
64.94,0.04,455.81,2,10.01
65.83,0.04,462.39,2,10.01
66.73,0.04,469.05,2,10.01
67.63,0.04,475.55,2,10.00
68.54,0.04,481.83,2,10.00
69.44,0.04,488.08,2,10.00
70.34,0.04,494.30,2,10.00
71.24,0.04,500.51,2,10.00
72.13,0.05,506.70,2,10.00
73.02,0.05,512.86,2,10.00
73.91,0.05,519.01,2,10.00
74.79,0.05,525.13,2,10.00
75.68,0.05,531.24,2,10.00
76.56,0.05,537.32,2,10.00
77.43,0.05,543.39,2,9.99
78.31,0.05,549.43,2,9.99
79.18,0.05,555.45,2,9.99
80.05,0.05,561.46,2,9.99
80.91,0.05,567.44,2,9.99
81.78,0.05,573.40,2,9.99
82.64,0.04,579.16,2,9.99
83.49,0.04,584.61,2,9.99
84.32,0.04,589.97,2,9.99
85.15,0.04,595.25,2,9.99
85.97,0.04,600.45,2,9.98
86.77,0.04,605.58,2,9.98
87.56,0.04,610.63,2,9.98
88.34,0.04,615.61,2,9.98
89.11,0.04,620.53,2,9.98
89.87,0.04,625.36,2,9.98
90.62,0.04,630.17,2,9.98
91.36,0.03,635.02,2,9.98
92.09,0.03,639.82,2,9.98
92.43,0.03,464.02,3,9.98
92.38,0.03,464.62,3,9.98
92.34,0.03,465.21,3,9.98
92.29,0.03,465.80,3,9.98
92.25,0.02,445.15,3,9.98
92.78,0.02,463.93,3,9.98
93.41,0.02,467.69,3,9.97
94.03,0.02,471.09,3,9.97
94.66,0.02,474.23,3,9.97
95.29,0.01,477.30,3,9.97
95.92,0.01,480.37,3,9.97
96.54,0.01,483.45,3,9.97
97.17,0.01,486.53,3,9.97
97.79,0.00,489.62,3,9.97
98.41,0.00,492.71,3,9.97
99.03,-0.00,495.79,3,9.97
99.64,-0.01,498.85,3,9.97
100.26,-0.01,501.89,3,9.96
100.88,-0.01,504.91,3,9.96
101.49,-0.01,507.96,3,9.96
102.11,-0.01,510.99,3,9.96
102.72,-0.01,514.02,3,9.96
103.33,-0.01,517.05,3,9.96
103.94,-0.01,520.08,3,9.96
104.55,-0.01,523.10,3,9.96
105.10,-0.01,525.84,3,9.96
105.65,-0.01,528.57,3,9.96
106.20,-0.01,531.30,3,9.96
106.75,-0.00,534.01,3,9.95
107.30,-0.00,536.73,3,9.95
107.84,-0.00,539.43,3,9.95
108.39,-0.00,542.13,3,9.95
108.93,-0.00,544.82,3,9.95
109.47,-0.00,547.51,3,9.95
110.01,-0.00,550.20,3,9.95
110.55,-0.00,552.88,3,9.95
111.09,-0.00,555.55,3,9.95
111.63,-0.00,558.22,3,9.95
112.17,-0.00,560.88,3,9.95
112.71,-0.00,563.54,3,9.94
113.24,-0.00,566.19,3,9.94
113.77,-0.00,568.83,3,9.94
114.31,-0.00,571.47,3,9.94
114.84,-0.00,574.10,3,9.94
115.37,-0.00,576.71,3,9.94
115.89,-0.00,579.21,3,9.94
116.42,-0.00,581.69,3,9.94
116.94,-0.00,584.15,3,9.94
117.45,-0.00,586.59,3,9.94
117.96,-0.00,589.01,3,9.94
118.47,-0.00,591.41,3,9.93
118.98,-0.00,593.80,3,9.93
119.48,-0.00,596.16,3,9.93
119.97,-0.00,598.51,3,9.93
120.47,-0.00,600.83,3,9.93
120.96,-0.00,603.14,3,9.93
121.44,-0.00,605.44,3,9.93
121.92,-0.00,607.71,3,9.93
122.40,-0.00,609.97,3,9.93
122.88,-0.00,612.21,3,9.93
123.35,-0.00,614.43,3,9.93
123.82,-0.00,616.63,3,9.92
124.28,-0.00,618.82,3,9.92
124.74,-0.00,620.99,3,9.92
125.20,-0.00,623.15,3,9.92
125.65,-0.00,625.28,3,9.92
126.10,-0.00,627.40,3,9.92
126.55,-0.00,629.52,3,9.92
126.99,-0.00,631.65,3,9.92
127.20,-0.00,489.88,4,9.92
127.13,-0.00,490.24,4,9.92
127.05,-0.00,490.60,4,9.92
126.97,0.00,490.96,4,9.92
126.90,0.00,491.31,4,9.92
127.06,0.00,488.13,4,9.92
127.46,0.00,490.19,4,9.92
127.85,0.00,491.89,4,9.92
128.25,0.00,493.44,4,9.91
128.65,0.00,494.95,4,9.91
129.04,0.00,496.43,4,9.91
129.44,0.00,497.92,4,9.91
129.83,0.00,499.41,4,9.91
130.23,0.00,500.91,4,9.91
130.62,0.00,502.41,4,9.91
131.01,0.00,503.91,4,9.91
131.41,0.00,505.41,4,9.91
131.80,0.00,506.91,4,9.91
132.19,0.00,508.40,4,9.91
132.58,0.00,509.89,4,9.91
132.97,0.00,511.38,4,9.90
133.36,0.00,512.86,4,9.90
133.74,0.00,514.34,4,9.90
134.13,0.00,515.82,4,9.90
134.52,0.00,517.30,4,9.90
134.90,0.00,518.77,4,9.90
135.29,0.00,520.24,4,9.90
135.67,0.00,521.71,4,9.90
136.05,0.00,523.18,4,9.90
136.44,0.00,524.64,4,9.90
136.82,0.00,526.10,4,9.90
137.20,0.00,527.55,4,9.90
137.58,0.00,529.01,4,9.89
137.96,0.00,530.46,4,9.89
138.34,0.00,531.91,4,9.89
138.72,0.01,533.35,4,9.89
139.09,0.01,534.80,4,9.89
139.47,0.01,536.23,4,9.89
139.85,0.01,537.67,4,9.89
140.22,0.01,539.11,4,9.89
140.60,0.01,540.54,4,9.89
140.97,0.01,541.96,4,9.89
141.34,0.01,543.39,4,9.89
141.71,0.01,544.81,4,9.88
142.09,0.01,546.23,4,9.88
142.46,0.01,547.65,4,9.88
142.83,0.01,549.06,4,9.88
143.20,0.01,550.48,4,9.88
143.56,0.01,551.88,4,9.88
143.93,0.01,553.29,4,9.88
144.30,0.01,554.69,4,9.88
144.67,0.01,556.09,4,9.88
145.03,0.01,557.49,4,9.88
145.40,0.01,558.88,4,9.88
145.76,0.01,560.28,4,9.87
146.13,0.01,561.67,4,9.87
146.49,0.01,563.05,4,9.87
146.85,0.01,564.43,4,9.87
147.21,0.01,565.81,4,9.87
147.57,0.01,567.19,4,9.87
147.93,0.01,568.57,4,9.87
148.29,0.01,569.94,4,9.87
148.65,0.01,571.31,4,9.87
149.01,0.01,572.68,4,9.87
149.36,0.01,574.04,4,9.87
149.72,0.01,575.40,4,9.86
150.08,0.01,576.74,4,9.86
150.43,0.01,578.05,4,9.86
150.78,0.01,579.35,4,9.86
151.13,0.01,580.65,4,9.86
151.48,0.01,581.94,4,9.86
151.83,0.01,583.22,4,9.86
152.17,0.01,584.49,4,9.86
152.52,0.01,585.76,4,9.86
152.86,0.01,587.02,4,9.86
153.20,0.01,588.27,4,9.86
153.53,0.01,589.52,4,9.85
153.87,0.01,590.76,4,9.85
154.20,0.01,591.99,4,9.85
154.54,0.01,593.22,4,9.85
154.87,0.01,594.44,4,9.85
155.19,0.01,595.65,4,9.85
155.52,0.01,596.86,4,9.85
155.85,0.01,598.06,4,9.85
156.17,0.01,599.25,4,9.85
156.49,0.01,600.44,4,9.85
156.81,0.01,601.62,4,9.85
157.13,0.01,602.80,4,9.84
157.45,0.01,603.97,4,9.84
157.78,0.01,605.20,4,9.84
158.13,0.01,606.48,4,9.84
158.47,0.01,607.74,4,9.84
158.81,0.01,608.99,4,9.84
159.15,0.01,610.24,4,9.84
159.49,0.01,611.48,4,9.84
159.82,0.01,612.71,4,9.84
160.15,0.01,613.94,4,9.84
160.48,0.01,615.16,4,9.83
160.81,0.01,616.37,4,9.83
161.14,0.01,617.57,4,9.83
161.47,0.01,618.77,4,9.83
161.79,0.01,619.96,4,9.83
162.11,0.01,621.15,4,9.83
162.43,0.00,622.33,4,9.83
162.74,0.00,623.50,4,9.83
163.06,0.00,624.66,4,9.83
163.37,-0.00,625.82,4,9.83
163.68,-0.00,626.97,4,9.82
163.79,-0.01,502.64,5,9.82
163.65,-0.01,502.94,5,9.82
163.51,-0.01,503.24,5,9.82
163.36,-0.02,503.53,5,9.82
163.20,-0.03,489.46,5,9.82
163.36,-0.04,501.05,5,9.82
163.59,-0.05,502.43,5,9.82
163.81,-0.06,503.65,5,9.82
164.00,-0.08,504.83,5,9.82
164.18,-0.09,506.02,5,9.82
163.69,-0.11,387.24,5,9.82
160.57,-0.12,350.85,5,9.82
157.42,-0.14,351.13,5,9.82
154.15,-0.16,343.44,5,9.82
151.68,-0.19,366.02,5,9.82
148.29,-0.21,400.88,4,9.82
145.92,-0.22,398.57,4,9.82
143.92,-0.22,396.29,4,9.82
141.99,-0.22,394.04,4,9.82
140.01,-0.21,391.81,4,9.82
138.11,-0.21,298.10,4,9.82
136.53,-0.21,296.53,4,9.82
134.34,-0.21,316.50,4,9.82
132.31,-0.21,284.81,4,9.82
130.95,-0.21,262.18,4,9.82
130.09,-0.21,246.36,4,9.82
129.08,-0.19,274.09,4,9.82
128.22,-0.18,238.51,4,9.82
127.66,-0.17,234.96,4,9.82
127.09,-0.15,240.79,4,9.82
126.15,-0.14,253.57,4,9.82
124.88,-0.13,260.98,4,9.82
123.15,-0.12,289.50,4,9.82
119.90,-0.13,312.99,4,9.82
116.50,-0.14,291.83,4,9.82
113.59,-0.15,273.82,4,9.82
110.87,-0.17,341.07,3,9.82
108.24,-0.19,339.43,3,9.82
105.84,-0.21,337.80,3,9.82
103.63,-0.22,336.20,3,9.82
101.28,-0.24,334.60,3,9.82
98.89,-0.26,288.54,3,9.82
96.37,-0.28,308.39,3,9.82
93.89,-0.31,327.03,3,9.82
92.50,-0.33,391.64,3,9.82
91.74,-0.34,441.40,3,9.82
91.40,-0.34,513.49,3,9.82
91.39,-0.33,536.90,3,9.82
91.67,-0.31,534.61,3,9.82
92.23,-0.27,524.90,3,9.82
92.98,-0.23,512.06,3,9.81
93.57,-0.17,520.55,3,9.81
94.44,-0.12,480.73,3,9.81
95.14,-0.08,475.52,3,9.81
95.79,-0.04,477.32,3,9.81
96.43,-0.01,473.14,3,9.81
96.95,0.01,481.24,3,9.81
97.44,0.03,487.46,3,9.81
97.94,0.04,492.04,3,9.81
98.44,0.06,495.41,3,9.81
98.90,0.07,502.26,3,9.81
97.85,0.08,114.38,3,9.81
97.71,0.09,130.09,3,9.81
97.65,0.11,160.20,3,9.81
96.24,0.12,442.94,3,9.81
96.28,0.08,478.03,3,9.81
96.40,0.03,485.91,3,9.80
96.60,-0.00,486.17,3,9.80
96.84,-0.01,514.12,3,9.80
97.20,0.01,524.91,3,9.80
97.74,0.02,511.89,3,9.80
98.34,0.04,499.84,3,9.80
98.90,0.05,498.13,3,9.80
99.45,0.06,499.77,3,9.80
100.01,0.06,502.16,3,9.80
100.57,0.08,505.01,3,9.80
101.14,0.09,508.06,3,9.80
101.64,0.11,526.14,3,9.79
102.31,0.13,515.19,3,9.79
102.92,0.15,516.50,3,9.79
103.53,0.18,519.66,3,9.79
104.12,0.20,525.77,3,9.79
104.75,0.21,524.98,3,9.79
105.38,0.19,526.81,3,9.79
105.99,0.18,529.75,3,9.79
106.60,0.17,532.86,3,9.79
107.20,0.15,535.49,3,9.79
107.81,0.13,537.97,3,9.78
108.40,0.12,541.70,3,9.78
108.99,0.10,544.89,3,9.78
109.58,0.09,547.92,3,9.78
110.17,0.07,549.25,3,9.78
110.74,0.06,553.08,3,9.78
111.30,0.05,556.85,3,9.78
111.85,0.04,560.33,3,9.78
112.38,0.03,563.65,3,9.78
112.92,0.03,564.53,3,9.78
113.40,0.02,569.58,3,9.77
113.87,0.02,574.47,3,9.77
114.33,0.02,578.67,3,9.77
114.76,0.02,582.30,3,9.77
115.17,0.02,582.75,3,9.77
115.53,0.02,588.73,3,9.77
115.87,0.03,594.41,3,9.77
116.20,0.03,598.20,3,9.77
116.54,0.03,597.04,3,9.77
116.83,0.03,600.75,3,9.77
117.10,0.04,606.86,3,9.76
117.36,0.04,610.90,3,9.76
117.62,0.04,612.40,3,9.76
117.90,0.04,609.37,3,9.76
118.13,0.05,614.50,3,9.76
118.35,0.05,617.42,3,9.76
118.58,0.05,618.43,3,9.76
118.82,0.05,615.41,3,9.76
119.04,0.05,618.97,3,9.76
119.24,0.05,621.74,3,9.76
119.45,0.05,622.92,3,9.75
119.66,0.05,623.55,3,9.75
119.89,0.06,622.52,3,9.75
120.09,0.06,625.05,3,9.75
120.30,0.06,626.44,3,9.75
120.50,0.06,627.16,3,9.75
120.72,0.06,626.17,3,9.75
120.93,0.06,628.33,3,9.75
119.75,0.06,517.28,3,9.75
119.15,0.06,580.49,3,9.75
119.00,0.07,594.46,3,9.75
119.02,0.08,612.58,3,9.75
119.15,0.08,623.88,3,9.75
119.32,0.08,626.83,3,9.74
119.54,0.07,626.68,3,9.74
119.79,0.07,625.47,3,9.74
120.07,0.06,623.35,3,9.74
120.36,0.05,622.44,3,9.74
120.64,0.05,621.99,3,9.74
120.89,0.05,624.06,3,9.74
121.14,0.05,625.48,3,9.74
121.37,0.05,626.70,3,9.74
120.18,0.05,519.84,3,9.74
119.58,0.06,582.75,3,9.74
119.42,0.07,597.07,3,9.74
119.45,0.07,615.23,3,9.73
119.57,0.08,626.32,3,9.73
119.72,0.08,629.69,3,9.73
119.88,0.07,634.73,3,9.73
120.09,0.06,629.54,3,9.73
120.35,0.05,626.09,3,9.73
120.60,0.05,625.46,3,9.73
120.83,0.05,629.38,3,9.73
121.04,0.05,629.63,3,9.73
121.27,0.05,628.45,3,9.73
121.48,0.05,630.12,3,9.73
121.68,0.05,632.19,3,9.72
121.83,0.05,639.34,3,9.72
122.04,0.05,635.00,3,9.72
122.28,0.05,634.16,3,9.72
122.53,0.04,634.94,3,9.72
122.74,0.04,643.33,3,9.72
123.02,0.03,637.43,3,9.72
123.34,0.03,633.97,3,9.72
123.66,0.02,632.95,3,9.72
123.96,0.02,639.32,3,9.72
124.31,0.01,638.86,3,9.71
124.70,-0.00,633.41,3,9.71
125.09,-0.01,632.54,3,9.71
125.48,-0.02,633.86,3,9.71
125.86,-0.03,638.50,3,9.71
126.31,-0.05,635.01,3,9.71
126.75,-0.06,635.35,3,9.71
127.12,-0.08,492.62,4,9.71
127.02,-0.10,492.99,4,9.71
126.92,-0.11,493.37,4,9.71
126.83,-0.13,493.74,4,9.71
126.74,-0.15,494.10,4,9.71
126.94,-0.17,485.38,4,9.71
127.37,-0.16,489.15,4,9.71
127.80,-0.15,491.41,4,9.71
128.23,-0.14,493.15,4,9.70
128.70,-0.13,489.39,4,9.70
129.09,-0.12,494.29,4,9.70
129.48,-0.11,497.37,4,9.70
129.87,-0.10,499.48,4,9.70
130.27,-0.09,500.57,4,9.70
130.67,-0.08,500.68,4,9.70
131.04,-0.07,503.38,4,9.70
131.41,-0.06,505.28,4,9.70
131.78,-0.05,506.80,4,9.70
132.15,-0.04,507.36,4,9.70
132.51,-0.03,509.33,4,9.69
132.87,-0.02,510.95,4,9.69
133.22,-0.02,512.44,4,9.69
133.56,-0.01,515.22,4,9.69
133.91,-0.01,515.75,4,9.69
134.24,-0.01,517.00,4,9.69
134.57,-0.01,518.55,4,9.69
134.83,-0.01,529.10,4,9.69
135.21,-0.01,523.03,4,9.69
135.53,-0.01,523.20,4,9.69
135.83,-0.01,524.70,4,9.69
135.94,-0.01,553.87,4,9.68
136.42,-0.00,530.01,4,9.68
136.76,-0.01,528.47,4,9.68
137.08,-0.01,530.26,4,9.68
137.39,-0.01,534.41,4,9.68
137.75,-0.01,533.26,4,9.68
138.11,-0.01,533.90,4,9.68
138.51,-0.01,528.47,4,9.68
138.82,-0.02,533.54,4,9.68
139.16,-0.02,536.71,4,9.68
139.53,-0.01,538.23,4,9.67
139.92,-0.01,535.33,4,9.67
140.25,-0.01,539.07,4,9.67
140.60,-0.00,541.17,4,9.67
140.95,0.00,542.61,4,9.67
141.31,0.00,542.00,4,9.67
141.64,0.01,544.60,4,9.67
141.98,0.01,546.36,4,9.67
142.32,0.01,545.50,4,9.67
142.64,0.01,548.27,4,9.67
142.95,0.01,550.23,4,9.67
143.27,0.01,551.74,4,9.66
143.58,0.01,552.40,4,9.66
143.88,0.01,554.12,4,9.66
144.15,0.01,555.49,4,9.66
144.43,0.01,556.54,4,9.66
144.70,0.01,558.40,4,9.66
144.98,0.01,558.87,4,9.66
145.26,0.01,559.70,4,9.66
145.53,0.01,560.70,4,9.66
145.80,0.02,563.88,4,9.66
146.11,0.02,563.12,4,9.65
146.40,0.02,563.57,4,9.65
146.67,0.02,567.19,4,9.65
146.96,0.03,569.21,4,9.65
147.29,0.03,567.30,4,9.65
147.59,0.03,567.72,4,9.65
147.84,0.04,576.17,4,9.65
148.17,0.04,574.51,4,9.65
148.52,0.04,571.68,4,9.65
148.84,0.05,572.16,4,9.65
149.06,0.05,587.24,4,9.65
149.44,0.06,579.47,4,9.64
149.80,0.06,576.30,4,9.64
150.13,0.07,576.90,4,9.64
150.46,0.07,576.45,4,9.64
150.77,0.06,578.86,4,9.64
151.08,0.06,579.61,4,9.64
151.42,0.06,575.13,4,9.64
151.68,0.05,579.74,4,9.64
151.94,0.05,582.31,4,9.64
152.21,0.05,583.87,4,9.64
152.32,0.05,606.49,4,9.64
152.64,0.05,595.71,4,9.63
152.98,0.04,587.99,4,9.63
153.04,0.04,621.34,4,9.63
153.04,0.04,639.18,4,9.63
153.37,0.04,602.12,4,9.63
153.75,0.04,589.97,4,9.63
154.03,0.04,592.85,4,9.63
154.29,0.04,596.66,4,9.63
154.57,0.04,597.21,4,9.63
154.85,0.04,597.75,4,9.63
155.11,0.03,600.89,4,9.63
155.38,0.03,602.69,4,9.63
155.65,0.03,604.07,4,9.62
155.93,0.03,604.42,4,9.62
156.19,0.03,606.21,4,9.62
156.44,0.02,610.77,4,9.62
156.73,0.02,608.86,4,9.62
157.01,0.02,609.33,4,9.62
157.21,0.02,622.24,4,9.62
157.55,0.02,614.33,4,9.62
157.86,0.01,610.94,4,9.62
158.16,0.01,610.81,4,9.62
158.47,0.02,608.97,4,9.62
158.77,0.02,609.28,4,9.61
159.06,0.02,610.10,4,9.61
159.37,0.02,609.07,4,9.61
159.64,0.02,611.84,4,9.61
159.92,0.02,613.39,4,9.61
160.22,0.01,612.20,4,9.61
160.49,0.01,614.46,4,9.61
160.76,0.01,616.30,4,9.61
161.03,0.01,617.65,4,9.61
161.31,0.01,617.07,4,9.61
161.58,0.01,619.12,4,9.61
161.84,0.01,620.54,4,9.60
162.11,0.01,620.48,4,9.60
162.37,0.01,621.92,4,9.60
162.62,0.01,623.33,4,9.60
162.88,0.01,624.44,4,9.60
163.13,0.01,624.64,4,9.60
163.38,0.01,626.02,4,9.60
163.63,0.01,627.11,4,9.60
163.82,0.01,502.83,5,9.60
163.68,0.01,503.10,5,9.60
163.52,0.01,503.36,5,9.60
163.35,0.01,503.63,5,9.60
163.19,0.01,503.89,5,9.60
163.08,0.01,497.99,5,9.60
163.28,0.02,500.66,5,9.60
163.50,0.02,502.15,5,9.60
163.72,0.01,502.64,5,9.59
163.94,0.01,502.94,5,9.59
164.17,0.01,503.47,5,9.59
164.38,0.01,505.24,5,9.59
164.61,0.01,505.23,5,9.59
164.84,0.01,505.58,5,9.59
165.04,0.01,507.98,5,9.59
165.28,0.01,507.85,5,9.59
165.51,0.01,507.73,5,9.59
165.74,0.01,508.21,5,9.59
165.95,0.01,510.96,5,9.59
166.19,0.01,510.12,5,9.59
166.43,0.01,510.32,5,9.58
166.63,0.01,514.34,5,9.58
166.88,0.01,513.03,5,9.58
167.12,0.01,512.60,5,9.58
167.38,0.02,510.27,5,9.58
167.38,0.02,535.75,5,9.58
167.67,0.01,520.02,5,9.58
167.95,0.01,514.19,5,9.58
168.18,0.02,515.39,5,9.58
168.42,0.02,515.34,5,9.58
168.64,0.02,516.89,5,9.58
168.86,0.02,517.81,5,9.58
169.10,0.02,517.13,5,9.57
169.31,0.02,518.77,5,9.57
169.53,0.02,519.81,5,9.57
169.76,0.02,519.42,5,9.57
169.97,0.02,520.55,5,9.57
170.18,0.02,521.75,5,9.57
170.40,0.02,522.60,5,9.57
170.62,0.02,522.40,5,9.57
170.83,0.02,523.66,5,9.57
171.04,0.02,524.55,5,9.57
171.26,0.02,524.20,5,9.57
171.46,0.02,525.45,5,9.56
171.67,0.02,526.36,5,9.56
171.88,0.02,526.43,5,9.56
172.08,0.02,527.29,5,9.56
172.28,0.02,528.24,5,9.56
172.49,0.02,528.96,5,9.56
172.69,0.02,529.05,5,9.56
172.89,0.02,529.94,5,9.56
173.08,0.02,530.71,5,9.56
173.28,0.02,530.91,5,9.56
173.48,0.02,531.78,5,9.56
173.67,0.02,532.55,5,9.56
173.87,0.02,532.97,5,9.55
174.07,0.02,533.69,5,9.55
174.27,0.02,534.37,5,9.55
174.47,0.02,534.96,5,9.55
174.66,0.01,535.50,5,9.55
174.86,0.01,536.21,5,9.55
175.06,0.01,536.82,5,9.55
175.25,0.01,537.58,5,9.55
175.45,0.01,538.13,5,9.55
175.66,0.01,538.67,5,9.55
175.85,0.01,539.63,5,9.55
176.06,0.00,540.01,5,9.54
176.26,0.00,540.60,5,9.54
176.46,0.00,541.61,5,9.54
176.67,-0.00,542.07,5,9.54
176.87,-0.00,542.52,5,9.54
177.08,-0.00,543.03,5,9.54
177.28,-0.01,544.27,5,9.54
177.50,-0.01,544.41,5,9.54
177.70,-0.01,545.02,5,9.54
177.91,-0.01,546.58,5,9.54
178.13,-0.01,546.59,5,9.54
178.34,-0.02,547.10,5,9.53
178.55,-0.02,548.97,5,9.53
178.78,-0.02,548.95,5,9.53
179.00,-0.03,549.27,5,9.53
179.21,-0.03,551.31,5,9.53
179.45,-0.04,551.37,5,9.53
179.68,-0.04,551.53,5,9.53
179.90,-0.05,553.16,5,9.53
180.14,-0.05,553.98,5,9.53
180.38,-0.06,553.89,5,9.53
180.62,-0.06,554.42,5,9.53
180.85,-0.06,556.75,5,9.52
181.10,-0.07,556.34,5,9.52
181.35,-0.07,556.78,5,9.52
181.59,-0.08,559.71,5,9.52
181.85,-0.08,559.03,5,9.52
182.12,-0.09,559.24,5,9.52
182.38,-0.09,559.42,5,9.52
182.65,-0.09,558.84,5,9.52
182.90,-0.08,559.39,5,9.52
183.15,-0.08,559.45,5,9.52
183.39,-0.08,560.83,5,9.52
183.63,-0.07,561.84,5,9.51
183.87,-0.07,561.95,5,9.51
184.10,-0.07,563.08,5,9.51
184.33,-0.06,564.07,5,9.51
184.55,-0.06,564.77,5,9.51
184.78,-0.06,565.09,5,9.51
184.99,-0.05,566.10,5,9.51
185.20,-0.05,566.92,5,9.51
185.41,-0.05,567.18,5,9.51
185.61,-0.04,568.19,5,9.51
185.80,-0.04,569.11,5,9.51
186.00,-0.04,569.27,5,9.50
186.19,-0.04,570.19,5,9.50
186.37,-0.04,571.10,5,9.50
186.56,-0.04,571.09,5,9.50
186.73,-0.04,572.21,5,9.50
186.90,-0.03,572.92,5,9.50
187.07,-0.03,573.01,5,9.50
187.24,-0.03,573.96,5,9.50
187.40,-0.03,574.80,5,9.50
187.56,-0.03,574.89,5,9.50
187.72,-0.03,575.64,5,9.50
187.87,-0.03,576.48,5,9.49
188.02,-0.03,576.75,5,9.49
188.17,-0.03,577.15,5,9.49
188.31,-0.03,577.89,5,9.49
188.45,-0.03,578.59,5,9.49
188.59,-0.03,578.63,5,9.49
188.73,-0.03,579.47,5,9.49
188.86,-0.03,580.01,5,9.49
188.99,-0.03,579.99,5,9.49
189.12,-0.03,580.72,5,9.49
189.25,-0.03,581.30,5,9.49
189.38,-0.03,581.34,5,9.48
189.49,-0.03,582.11,5,9.48
189.61,-0.03,582.59,5,9.48
189.74,-0.03,582.53,5,9.48
189.85,-0.03,583.32,5,9.48
189.96,-0.03,583.83,5,9.48
190.08,-0.03,583.79,5,9.48
190.18,-0.03,584.46,5,9.48
190.29,-0.03,584.98,5,9.48
190.40,-0.03,584.71,5,9.48
190.51,-0.03,585.52,5,9.47
190.61,-0.03,586.03,5,9.47
190.72,-0.03,585.87,5,9.47
190.82,-0.03,586.54,5,9.47
190.92,-0.03,586.95,5,9.47
191.03,-0.03,587.00,5,9.47
191.13,-0.03,587.47,5,9.47
191.22,-0.03,587.96,5,9.47
191.33,-0.03,587.94,5,9.47
191.42,-0.03,588.38,5,9.47
191.52,-0.03,588.89,5,9.47
191.62,-0.03,588.89,5,9.46
191.71,-0.03,589.33,5,9.46
191.80,-0.03,589.76,5,9.46
191.90,-0.03,589.84,5,9.46
192.00,-0.03,590.07,5,9.46
192.09,-0.03,590.47,5,9.46
192.18,-0.03,590.70,5,9.46
192.28,-0.03,590.97,5,9.46
192.37,-0.03,591.37,5,9.46
192.46,-0.03,591.53,5,9.46
192.55,-0.03,591.73,5,9.46
192.64,-0.03,592.11,5,9.45
192.73,-0.03,592.48,5,9.45
192.82,-0.03,592.65,5,9.45
192.91,-0.03,593.00,5,9.45
193.00,-0.03,593.33,5,9.45
193.09,-0.03,593.42,5,9.45
193.17,-0.03,593.81,5,9.45
193.26,-0.03,594.12,5,9.45
193.35,-0.03,594.25,5,9.45
193.43,-0.03,594.68,5,9.45
193.51,-0.03,594.89,5,9.45
193.60,-0.03,595.09,5,9.44
193.68,-0.03,595.47,5,9.44
193.76,-0.03,595.59,5,9.44
193.84,-0.03,595.97,5,9.44
193.92,-0.03,596.20,5,9.44
194.00,-0.03,596.52,5,9.44
194.08,-0.03,596.71,5,9.44
194.16,-0.03,596.94,5,9.44
194.24,-0.03,597.07,5,9.44
194.31,-0.03,597.52,5,9.44
194.39,-0.03,597.64,5,9.44
194.47,-0.03,597.75,5,9.43
194.55,-0.03,598.34,5,9.43
194.63,-0.03,598.49,5,9.43
194.70,-0.03,598.55,5,9.43
194.78,-0.03,598.98,5,9.43
194.85,-0.03,599.20,5,9.43
194.93,-0.03,599.32,5,9.43
195.00,-0.03,599.75,5,9.43
195.07,-0.03,599.84,5,9.43
195.15,-0.04,600.08,5,9.43
195.22,-0.04,600.63,5,9.43
195.29,-0.04,600.65,5,9.42
195.36,-0.04,600.72,5,9.42
195.43,-0.04,601.20,5,9.42
195.50,-0.04,601.25,5,9.42
195.58,-0.04,601.37,5,9.42
195.64,-0.04,601.98,5,9.42
195.72,-0.04,601.90,5,9.42
195.79,-0.04,602.07,5,9.42
195.86,-0.04,602.65,5,9.42
195.93,-0.04,602.66,5,9.42
196.00,-0.04,602.60,5,9.42
196.07,-0.04,603.40,5,9.41
196.14,-0.04,603.31,5,9.41
196.22,-0.04,603.23,5,9.41
196.28,-0.04,604.09,5,9.41
196.36,-0.04,603.80,5,9.41
196.43,-0.04,603.84,5,9.41
196.50,-0.04,604.69,5,9.41
196.57,-0.04,604.40,5,9.41
196.65,-0.04,604.53,5,9.41
196.71,-0.04,605.33,5,9.41
196.79,-0.04,605.12,5,9.41
196.86,-0.04,605.23,5,9.40
196.92,-0.04,606.08,5,9.40
197.00,-0.04,605.80,5,9.40
197.07,-0.04,605.92,5,9.40
197.14,-0.04,606.68,5,9.40
197.21,-0.04,606.57,5,9.40
197.28,-0.04,606.48,5,9.40
197.35,-0.04,607.52,5,9.40
197.42,-0.04,607.12,5,9.40
197.49,-0.04,607.19,5,9.40
197.56,-0.04,608.03,5,9.40
197.63,-0.04,607.77,5,9.39
197.70,-0.04,607.91,5,9.39
197.77,-0.04,608.83,5,9.39
197.85,-0.04,608.40,5,9.39
197.92,-0.04,608.47,5,9.39
197.99,-0.04,609.33,5,9.39
198.07,-0.04,608.98,5,9.39
198.14,-0.04,609.09,5,9.39
198.21,-0.04,610.14,5,9.39
198.28,-0.04,609.68,5,9.39
198.35,-0.04,609.89,5,9.39
198.42,-0.04,610.86,5,9.38
198.49,-0.04,610.42,5,9.38
198.56,-0.04,610.84,5,9.38
198.63,-0.04,611.55,5,9.38
198.71,-0.04,611.17,5,9.38
198.77,-0.04,611.85,5,9.38
198.84,-0.04,612.22,5,9.38
198.92,-0.04,611.78,5,9.38
198.98,-0.04,612.66,5,9.38
199.06,-0.04,612.90,5,9.38
199.13,-0.04,612.42,5,9.38
199.20,-0.04,613.48,5,9.37
199.27,-0.04,613.57,5,9.37
199.35,-0.04,613.04,5,9.37
199.43,-0.04,613.00,5,9.37
199.49,-0.04,613.30,5,9.37
199.56,-0.04,613.60,5,9.37
199.65,-0.04,612.33,5,9.37
199.71,-0.04,613.24,5,9.37
199.78,-0.04,614.11,5,9.37
199.87,-0.04,612.90,5,9.37
199.93,-0.04,613.78,5,9.37
200.00,-0.04,614.50,5,9.36
200.09,-0.04,613.34,5,9.36
200.16,-0.04,614.26,5,9.36
200.23,-0.04,614.91,5,9.36
200.31,-0.04,613.90,5,9.36
200.37,-0.04,614.85,5,9.36
200.44,-0.04,615.41,5,9.36
200.51,-0.04,614.54,5,9.36
200.57,-0.04,615.47,5,9.36
200.63,-0.04,615.99,5,9.36
200.71,-0.04,615.19,5,9.36
200.76,-0.04,616.13,5,9.35
200.82,-0.04,616.66,5,9.35
200.88,-0.04,616.00,5,9.35
200.93,-0.04,616.78,5,9.35
200.98,-0.04,617.30,5,9.35
201.03,-0.04,616.69,5,9.35
201.07,-0.04,617.44,5,9.35
201.12,-0.04,617.91,5,9.35
201.17,-0.04,617.31,5,9.35
201.20,-0.04,618.02,5,9.35
201.24,-0.04,618.56,5,9.34
201.29,-0.04,617.96,5,9.34
201.32,-0.04,618.65,5,9.34
201.36,-0.04,619.02,5,9.34
201.40,-0.04,618.53,5,9.34
201.43,-0.04,619.08,5,9.34
201.46,-0.04,619.50,5,9.34
201.50,-0.04,619.03,5,9.34
201.52,-0.04,619.58,5,9.34
201.56,-0.04,619.78,5,9.34
201.59,-0.04,619.35,5,9.34
201.62,-0.04,619.87,5,9.33
201.66,-0.04,620.05,5,9.33
201.69,-0.04,619.73,5,9.33
201.72,-0.04,620.11,5,9.33
201.76,-0.04,620.29,5,9.33
201.79,-0.04,620.08,5,9.33
201.82,-0.04,620.42,5,9.33
201.85,-0.04,620.45,5,9.33
201.89,-0.04,620.37,5,9.33
201.92,-0.04,620.72,5,9.33
201.95,-0.04,620.62,5,9.33
201.98,-0.04,620.71,5,9.32
202.01,-0.04,620.95,5,9.32
202.04,-0.04,620.90,5,9.32
202.07,-0.04,621.01,5,9.32
202.10,-0.04,621.17,5,9.32
202.14,-0.04,621.10,5,9.32
202.17,-0.04,621.30,5,9.32
202.20,-0.04,621.42,5,9.32
202.23,-0.04,621.46,5,9.32
202.26,-0.04,621.58,5,9.32
202.29,-0.04,621.70,5,9.32
202.32,-0.04,621.82,5,9.31
202.35,-0.04,621.89,5,9.31
202.38,-0.04,622.00,5,9.31
202.41,-0.04,622.12,5,9.31
202.44,-0.04,622.15,5,9.31
202.47,-0.04,622.23,5,9.31
202.50,-0.04,622.46,5,9.31
202.53,-0.04,622.48,5,9.31
202.56,-0.04,622.46,5,9.31
202.59,-0.04,622.77,5,9.31
202.62,-0.04,622.71,5,9.31
202.65,-0.04,622.73,5,9.30
202.68,-0.04,623.15,5,9.30
202.71,-0.04,622.97,5,9.30
202.74,-0.04,623.04,5,9.30
202.76,-0.04,623.51,5,9.30
202.79,-0.04,623.36,5,9.30
202.82,-0.04,623.39,5,9.30
202.84,-0.04,623.85,5,9.30
202.87,-0.04,623.70,5,9.30
202.89,-0.04,623.69,5,9.30
202.91,-0.04,624.33,5,9.30
202.94,-0.04,624.09,5,9.30
202.96,-0.05,624.11,5,9.29
202.97,-0.05,624.77,5,9.29
203.00,-0.05,624.45,5,9.29
203.01,-0.05,624.74,5,9.29
203.03,6.24,625.17,5,9.29
203.05,6.24,624.80,5,9.29
203.07,6.24,625.30,5,9.29
203.09,6.24,625.43,5,9.29
203.12,6.23,625.03,5,9.29
203.13,6.23,625.81,5,9.29
203.16,6.23,625.65,5,9.29
203.19,6.23,625.21,5,9.28
203.21,6.23,626.19,5,9.28
203.24,6.23,625.84,5,9.28
203.27,6.23,625.39,5,9.28
203.28,6.23,626.56,5,9.28
203.32,6.23,625.98,5,9.28
203.35,6.23,625.54,5,9.28
203.37,6.23,626.89,5,9.28
203.41,6.23,626.15,5,9.28
203.45,6.23,625.75,5,9.28
203.47,6.23,627.12,5,9.28
203.52,6.23,626.27,5,9.27
203.56,6.23,625.83,5,9.27
203.59,6.23,627.25,5,9.27
203.65,6.24,626.19,5,9.27
203.70,6.24,625.87,5,9.27
203.74,6.24,627.20,5,9.27
203.80,6.24,626.13,5,9.27
202.41,6.24,468.98,5,9.27
199.41,6.25,447.95,5,9.27
196.31,6.25,451.90,5,9.27
194.29,6.25,484.21,5,9.27
191.22,6.24,433.79,5,9.27
188.06,6.24,433.85,5,9.27
186.06,6.24,462.02,5,9.27
183.04,6.24,411.85,5,9.27
181.08,6.24,447.26,5,9.27
178.03,6.24,407.82,5,9.27
175.46,6.24,526.63,5,9.27
173.34,6.24,437.79,5,9.27
170.25,6.24,465.56,5,9.27
167.23,6.25,459.26,5,9.27
164.46,6.26,416.67,5,9.27
162.25,6.27,487.34,5,9.27
159.40,6.28,351.53,5,9.27
156.89,6.29,314.46,5,9.27
155.35,6.29,257.53,5,9.27
154.37,6.29,264.59,5,9.27
153.91,6.29,211.83,5,9.27
153.59,6.29,199.75,5,9.27
153.35,6.30,204.39,5,9.27
153.16,6.30,216.40,5,9.27
152.97,6.30,214.72,5,9.27
152.79,6.30,211.33,5,9.27
152.22,6.31,258.14,5,9.27
149.92,6.33,319.75,5,9.27
145.90,6.37,455.78,4,9.27
142.53,6.41,453.07,4,9.27
141.04,6.43,450.39,4,9.27
140.42,6.43,447.74,4,9.27
140.03,6.41,445.13,4,9.27
139.14,6.38,300.16,4,9.27
137.56,6.36,319.03,4,9.27
135.47,6.34,322.27,4,9.27
133.16,6.33,308.40,4,9.27
131.70,6.33,163.87,4,9.27
130.07,6.33,181.43,4,9.27
128.09,6.34,226.36,4,9.27
125.94,6.34,249.20,4,9.27
124.61,6.35,104.72,4,9.27
124.04,6.35,104.72,4,9.27
123.41,6.36,128.76,4,9.27
121.15,6.37,426.62,4,9.27
120.52,6.40,449.43,4,9.27
120.17,6.44,452.13,4,9.27
119.97,6.47,462.71,4,9.27
119.96,6.47,489.03,4,9.27
119.57,6.47,351.08,4,9.27
117.37,6.46,279.54,4,9.27
115.05,6.46,292.19,4,9.27
112.90,6.46,246.51,4,9.27
112.28,6.47,104.72,4,9.27
111.34,6.47,113.87,3,9.27
109.60,6.47,115.16,3,9.27
109.08,6.48,116.45,3,9.27
108.69,6.49,117.73,3,9.27
108.53,6.48,119.01,3,9.27
108.89,6.47,541.65,3,9.27
109.35,6.45,547.88,3,9.26
109.82,6.42,549.66,3,9.26
110.27,6.40,551.06,3,9.26
110.75,6.38,544.39,3,9.26
111.12,6.36,550.99,3,9.26
111.49,6.35,555.69,3,9.26
111.85,6.33,558.92,3,9.26
112.22,6.32,561.32,3,9.26
112.61,6.31,556.45,3,9.26
112.91,6.30,562.40,3,9.26
113.20,6.30,566.97,3,9.26
113.47,0.01,570.85,3,9.25
113.73,0.01,573.60,3,9.25
113.97,0.01,575.88,3,9.25
114.20,0.01,578.10,3,9.25
114.41,0.01,580.29,3,9.25
114.62,0.01,582.50,3,9.25
114.84,0.00,584.29,3,9.25
114.91,-0.00,616.76,3,9.25
114.96,-0.02,617.16,3,9.25
115.32,-0.03,590.40,3,9.25
115.63,-0.04,586.68,3,9.25
115.93,-0.05,588.60,3,9.24
116.02,-0.06,632.52,3,9.24
115.94,-0.08,661.50,3,9.24
115.92,-0.10,661.23,3,9.24
116.44,-0.12,584.64,3,9.24
116.85,-0.13,587.86,3,9.24
117.04,-0.15,635.05,3,9.24
117.03,-0.17,668.55,3,9.24
117.05,-0.19,676.45,3,9.24
117.10,-0.22,669.49,3,9.24
117.51,-0.24,608.39,3,9.24
118.29,-0.26,582.01,3,9.24
118.90,-0.24,586.25,3,9.24
119.47,-0.21,590.89,3,9.24
120.02,-0.17,594.14,3,9.24
120.55,-0.14,596.35,3,9.23
121.04,-0.11,592.16,3,9.23
117.21,-0.09,466.88,3,9.23
113.54,-0.06,428.24,3,9.23
110.48,-0.03,518.25,3,9.23
108.33,-0.01,375.77,3,9.23
105.08,0.00,380.02,3,9.23
102.20,6.29,360.17,3,9.23
99.29,6.30,349.08,3,9.23
96.40,6.31,337.49,3,9.23
95.03,6.32,185.38,3,9.23
94.50,6.36,220.59,3,9.23
93.15,6.38,454.37,3,9.23
93.16,6.37,461.89,3,9.23
93.45,6.38,471.19,3,9.23
93.97,6.41,465.97,3,9.23
94.39,6.42,482.25,3,9.23
94.66,6.43,522.17,3,9.23
94.94,6.44,523.87,3,9.23
95.32,6.44,519.76,3,9.23
95.76,6.44,517.51,3,9.23
96.36,6.44,499.16,3,9.23
96.95,6.43,499.71,3,9.23
97.55,6.43,495.06,3,9.22
98.12,6.42,496.61,3,9.22
98.68,6.42,499.72,3,9.22
99.27,6.41,490.93,3,9.22
99.71,6.39,500.36,3,9.22
100.13,6.38,509.62,3,9.22
100.58,6.38,515.13,3,9.22
101.11,6.37,502.63,3,9.22
101.52,6.35,510.28,3,9.22
101.90,6.34,516.36,3,9.22
102.30,6.33,521.87,3,9.22
102.71,6.32,525.27,3,9.21
103.13,6.31,524.59,3,9.21
103.55,6.30,526.73,3,9.21
103.97,6.29,530.03,3,9.21
104.39,6.28,530.37,3,9.21
104.64,6.28,566.43,3,9.21
104.98,6.28,550.48,3,9.21
105.53,6.27,538.02,3,9.21
106.00,6.27,537.62,3,9.21
106.44,6.26,545.27,3,9.21
106.30,6.26,619.83,3,9.21
106.21,6.26,628.74,3,9.21
106.95,6.26,536.05,3,9.20
107.45,6.25,543.29,3,9.20
107.77,6.25,576.13,3,9.20
108.47,6.24,545.77,3,9.20
109.06,6.24,545.69,3,9.20
109.64,6.23,548.32,3,9.20
110.25,6.23,544.88,3,9.20
110.79,6.22,552.03,3,9.20
111.34,6.22,556.46,3,9.20
111.90,6.22,559.64,3,9.20
112.45,6.22,562.46,3,9.19
113.02,6.22,562.21,3,9.19
113.55,6.22,567.00,3,9.19
114.08,6.22,570.41,3,9.19
114.62,6.22,573.25,3,9.19
115.17,6.22,572.61,3,9.19
115.68,6.22,577.40,3,9.19
116.19,6.22,580.58,3,9.19
116.70,6.22,583.22,3,9.19
117.22,6.22,583.52,3,9.19
117.72,6.21,587.30,3,9.18
118.21,6.21,590.13,3,9.18
118.70,6.21,592.60,3,9.18
119.19,6.21,594.87,3,9.18
119.67,6.21,597.12,3,9.18
120.15,6.21,599.38,3,9.18
120.62,6.21,601.55,3,9.18
121.09,6.21,604.10,3,9.18
121.56,6.21,607.21,3,9.18
122.03,6.21,608.41,3,9.18
122.50,6.21,610.35,3,9.17
122.96,6.21,612.63,3,9.17
123.40,6.21,617.59,3,9.17
123.87,6.22,617.36,3,9.17
124.33,6.22,619.05,3,9.17
124.78,6.22,621.91,3,9.17
125.21,6.22,628.22,3,9.17
125.69,6.23,626.18,3,9.17
126.15,6.23,627.62,3,9.17
126.58,6.23,636.21,3,9.17
127.02,6.24,639.25,3,9.16
127.26,6.24,492.89,4,9.16
127.16,6.24,493.27,4,9.16
127.05,6.25,493.64,4,9.16
126.95,6.25,494.01,4,9.16
126.83,6.26,474.61,4,9.16
127.16,6.26,489.00,4,9.16
127.59,6.26,486.13,4,9.16
127.94,6.27,490.87,4,9.16
128.30,6.27,493.81,4,9.16
128.69,6.27,492.20,4,9.16
129.04,6.28,495.02,4,9.16
129.38,6.28,497.82,4,9.16
129.72,6.29,499.79,4,9.16
130.06,6.30,501.39,4,9.16
130.39,6.30,502.94,4,9.16
130.72,6.32,504.63,4,9.15
131.01,6.33,509.86,4,9.15
131.27,6.34,519.04,4,9.15
131.62,6.36,512.83,4,9.15
131.88,6.38,514.58,4,9.15
130.38,6.40,203.07,4,9.15
128.38,6.40,316.04,4,9.15
125.98,6.43,330.29,4,9.15
122.55,6.47,331.47,4,9.15
118.74,6.51,328.52,4,9.15
114.83,6.54,307.11,4,9.15
111.04,0.30,374.61,3,9.15
107.23,0.34,372.60,3,9.15
102.70,0.40,370.61,3,9.15
98.84,0.45,368.64,3,9.15
96.27,0.48,366.69,3,9.15
94.31,0.51,242.36,3,9.15
92.85,0.52,237.65,3,9.15
91.82,0.52,233.17,3,9.15
91.18,0.51,229.11,3,9.15
90.88,0.50,225.98,3,9.15
90.78,0.47,222.68,3,9.15
91.07,0.43,220.61,3,9.15
90.55,0.40,254.52,3,9.15
89.39,0.37,257.04,3,9.15
87.88,0.35,274.09,3,9.15
85.64,0.32,273.75,3,9.15
83.55,0.29,343.19,3,9.15
83.00,0.26,406.77,3,9.15
81.39,0.22,368.61,3,9.15
79.83,0.19,333.63,3,9.15
79.48,0.15,388.33,3,9.15
79.63,0.12,394.40,3,9.15
80.02,0.08,400.75,3,9.15
80.52,0.03,402.22,3,9.15
81.02,-0.01,408.45,3,9.15
81.56,-0.03,407.97,3,9.15
82.08,-0.04,410.07,3,9.15
82.60,-0.06,412.67,3,9.15
83.12,-0.06,411.58,3,9.14
83.56,-0.06,416.14,3,9.14
83.99,-0.06,421.49,3,9.14
84.40,-0.06,427.09,3,9.14
84.82,-0.07,430.52,3,9.14
85.22,-0.06,433.18,3,9.14
85.61,-0.06,436.21,3,9.14
85.99,-0.06,439.09,3,9.14
86.36,-0.05,442.14,3,9.14
86.73,-0.05,445.01,3,9.14
86.95,-0.04,482.49,3,9.14
87.24,-0.05,474.21,3,9.14
87.80,-0.06,450.62,3,9.14
88.26,-0.06,448.53,3,9.13
88.71,-0.06,450.84,3,9.13
89.18,-0.06,454.19,3,9.13
89.68,-0.06,455.84,3,9.13
90.20,-0.05,456.46,3,9.13
90.74,-0.05,457.47,3,9.13
91.29,-0.05,459.14,3,9.13
91.86,-0.05,456.81,3,9.13
92.38,-0.06,462.19,3,9.13
92.91,-0.06,465.66,3,9.13
93.46,-0.07,468.29,3,9.13
94.01,-0.08,470.82,3,9.13
94.56,-0.09,473.29,3,9.12
95.10,-0.10,475.89,3,9.12
95.65,-0.11,478.60,3,9.12
96.19,-0.12,481.18,3,9.12
96.61,-0.13,505.88,3,9.12
97.28,-0.14,488.92,3,9.12
97.86,-0.15,489.53,3,9.12
98.42,-0.15,491.89,3,9.12
98.95,-0.16,500.74,3,9.12
99.51,-0.16,504.00,3,9.12
100.10,-0.14,504.83,3,9.12
100.70,-0.12,506.53,3,9.11
101.29,-0.11,508.26,3,9.11
101.88,-0.09,513.13,3,9.11
102.47,-0.07,516.72,3,9.11
103.08,-0.06,518.40,3,9.11
103.69,-0.04,520.64,3,9.11
104.30,-0.03,523.08,3,9.11
104.90,-0.02,525.57,3,9.11
105.51,-0.00,528.11,3,9.11
106.12,0.01,530.59,3,9.11
106.72,0.02,532.88,3,9.11
107.32,0.04,535.66,3,9.10
107.91,0.05,538.38,3,9.10
108.51,0.07,538.32,3,9.10
109.07,0.08,543.84,3,9.10
109.63,0.08,548.17,3,9.10
110.20,0.08,551.40,3,9.10
110.76,0.08,554.20,3,9.10
111.36,0.08,549.60,3,9.10
111.88,0.08,557.09,3,9.10
112.40,0.08,561.59,3,9.10
112.93,0.08,564.97,3,9.09
113.45,0.08,567.66,3,9.09
114.01,0.08,565.10,3,9.09
114.49,0.07,571.03,3,9.09
114.99,0.07,574.94,3,9.09
115.48,0.07,577.68,3,9.09
116.02,0.07,573.05,3,9.09
116.48,0.07,579.56,3,9.09
116.94,0.07,583.72,3,9.09
117.40,0.06,586.62,3,9.09
117.86,0.06,588.82,3,9.08
118.33,0.06,586.89,3,9.08
118.76,0.06,591.76,3,9.08
119.18,0.06,594.78,3,9.08
119.61,0.06,597.01,3,9.08
120.06,0.06,593.80,3,9.08
120.45,0.06,599.28,3,9.08
120.84,0.06,602.41,3,9.08
121.23,0.05,604.69,3,9.08
121.63,0.05,605.32,3,9.08
122.02,0.05,606.31,3,9.07
122.39,0.05,609.54,3,9.07
122.76,0.05,611.78,3,9.07
123.12,0.05,613.61,3,9.07
123.50,0.05,613.02,3,9.07
123.84,0.05,616.33,3,9.07
124.19,0.05,618.49,3,9.07
124.53,0.04,620.22,3,9.07
124.89,0.04,619.60,3,9.07
125.21,0.04,622.75,3,9.07
125.54,0.04,624.83,3,9.06
125.86,0.04,626.51,3,9.06
126.20,0.04,626.35,3,9.06
126.51,0.04,629.00,3,9.06
126.82,0.04,630.89,3,9.06
127.05,0.04,489.47,4,9.06
126.80,0.03,489.88,4,9.06
126.54,0.03,490.27,4,9.06
126.28,0.03,490.67,4,9.06
126.02,0.03,491.06,4,9.06
126.03,0.03,484.82,4,9.06
126.30,0.03,486.08,4,9.06
126.57,0.03,487.09,4,9.06
126.83,0.03,488.08,4,9.06
127.09,0.03,490.03,4,9.06
127.36,0.02,490.84,4,9.05
127.64,0.02,491.23,4,9.05
127.91,0.02,492.17,4,9.05
128.18,0.02,493.90,4,9.05
128.45,0.02,495.61,4,9.05
128.73,0.01,495.48,4,9.05
129.01,0.01,496.35,4,9.05
129.29,0.01,497.54,4,9.05
129.56,0.01,500.81,4,9.05
129.86,0.01,499.96,4,9.05
130.15,0.00,500.77,4,9.05
130.44,0.00,502.04,4,9.04
130.71,-0.00,506.20,4,9.04
131.03,-0.00,504.70,4,9.04
131.34,-0.01,505.37,4,9.04
131.63,-0.01,508.04,4,9.04
131.92,-0.02,512.10,4,9.04
132.26,-0.02,509.61,4,9.04
132.58,-0.03,510.41,4,9.04
132.86,-0.04,517.53,4,9.04
133.19,-0.04,518.98,4,9.04
133.55,-0.05,515.23,4,9.04
133.89,-0.06,515.92,4,9.03
134.15,-0.07,528.64,4,9.03
134.50,-0.08,527.45,4,9.03
134.91,-0.08,521.27,4,9.03
135.25,-0.10,522.09,4,9.03
135.47,-0.11,542.53,4,9.03
135.85,-0.12,536.18,4,9.03
136.28,-0.13,527.84,4,9.03
136.64,-0.14,528.76,4,9.03
136.82,-0.16,557.10,4,9.03
137.18,-0.17,544.75,4,9.02
137.63,-0.18,534.86,4,9.02
137.98,-0.20,536.47,4,9.02
138.36,-0.21,528.80,4,9.02
138.63,-0.21,533.85,4,9.02
138.93,-0.19,537.54,4,9.02
139.32,-0.17,529.61,4,9.02
139.57,-0.16,531.24,4,9.02
139.80,-0.14,536.96,4,9.02
140.08,-0.12,540.67,4,9.02
140.39,-0.10,535.07,4,9.02
140.61,-0.08,538.92,4,9.01
140.83,-0.06,541.28,4,9.01
138.82,-0.04,411.73,4,9.01
135.09,-0.02,397.07,4,9.01
132.83,-0.00,497.24,4,9.01
129.67,0.01,361.59,4,9.01
126.92,0.01,420.01,4,9.01
123.87,0.02,340.57,4,9.01
120.91,0.02,345.02,4,9.01
117.97,0.01,376.34,4,9.01
116.18,0.02,262.89,4,9.01
114.08,0.02,293.56,4,9.01
110.90,0.01,394.46,3,9.01
107.61,0.00,392.23,3,9.01
106.29,0.01,390.02,3,9.01
105.59,0.02,391.06,3,9.01
104.09,0.01,392.10,3,9.01
103.79,-0.00,525.49,3,9.01
104.21,0.01,529.95,3,9.01
104.76,0.02,555.50,3,9.01
105.37,0.04,564.06,3,9.01
106.05,0.07,545.07,3,9.01
106.64,0.09,536.39,3,9.01
107.19,0.10,525.31,3,9.01
107.57,0.11,532.65,3,9.01
107.93,0.11,541.46,3,9.00
108.33,0.11,545.82,3,9.00
108.76,0.11,541.09,3,9.00
109.17,0.11,539.23,3,9.00
109.48,0.11,546.40,3,9.00
109.79,0.10,551.72,3,9.00
110.13,0.09,554.44,3,9.00
110.52,0.08,544.50,3,9.00
110.78,0.07,552.11,3,9.00
111.04,0.05,558.05,3,9.00
111.31,0.04,561.08,3,8.99
111.61,0.03,559.07,3,8.99
111.90,0.02,557.35,3,8.99
112.14,0.00,561.92,3,8.99
112.40,-0.01,564.56,3,8.99
112.67,-0.01,565.53,3,8.99
112.97,-0.02,562.97,3,8.99
113.23,-0.03,566.18,3,8.99
113.50,-0.03,567.90,3,8.99
113.77,-0.03,569.13,3,8.99
114.03,-0.04,575.13,3,8.98
114.32,-0.04,573.56,3,8.98
114.62,-0.04,573.09,3,8.98
114.90,-0.04,574.12,3,8.98
115.19,-0.04,575.41,3,8.98
115.32,-0.05,594.32,3,8.98
115.71,-0.05,579.78,3,8.98
116.02,-0.05,579.17,3,8.98
116.33,-0.05,580.47,3,8.98
116.24,-0.06,647.33,3,8.98
116.36,-0.06,593.06,3,8.97
116.78,-0.06,582.57,3,8.97
117.12,-0.07,583.96,3,8.97
117.24,-0.07,627.23,3,8.97
116.99,-0.07,675.65,3,8.97
116.76,-0.07,680.40,3,8.97
117.50,-0.08,582.14,3,8.97
117.83,-0.08,600.21,3,8.97
117.33,-0.08,391.07,3,8.97
117.19,-0.08,421.00,3,8.97
117.06,-0.08,493.59,3,8.97
117.09,-0.08,576.48,3,8.97
117.60,-0.09,582.02,3,8.97
118.08,-0.09,588.15,3,8.97
118.58,-0.09,591.77,3,8.96
119.08,-0.09,594.48,3,8.96
119.62,-0.08,585.15,3,8.96
120.01,-0.08,592.12,3,8.96
120.37,-0.08,599.61,3,8.96
120.73,-0.07,604.58,3,8.96
121.17,-0.07,593.06,3,8.96
121.46,-0.06,600.88,3,8.96
121.73,-0.06,606.87,3,8.96
122.02,-0.06,610.17,3,8.96
122.37,-0.06,600.11,3,8.95
122.59,-0.05,607.14,3,8.95
122.80,-0.05,611.83,3,8.95
123.02,-0.05,614.32,3,8.95
123.30,-0.05,606.94,3,8.95
123.48,-0.04,612.79,3,8.95
123.65,-0.04,616.04,3,8.95
123.84,-0.03,617.76,3,8.95
124.04,-0.03,614.68,3,8.95
124.20,-0.02,617.95,3,8.95
124.36,-0.02,619.89,3,8.94
124.53,-0.01,620.84,3,8.94
124.65,-0.00,628.11,3,8.94
124.83,0.00,624.55,3,8.94
125.00,0.01,623.42,3,8.94
125.16,0.02,623.94,3,8.94
125.14,0.03,657.37,3,8.94
124.70,0.03,447.37,3,8.94
121.93,0.04,444.56,3,8.94
118.62,0.05,545.70,3,8.94
116.90,0.07,263.27,3,8.94
115.44,0.09,221.70,3,8.94
113.09,0.10,388.92,3,8.94
110.35,0.13,387.73,3,8.94
107.01,0.17,381.10,3,8.94
105.02,0.21,113.25,3,8.94
103.40,0.22,259.43,3,8.94
100.92,0.26,347.22,3,8.94
97.45,0.32,345.49,3,8.94
93.34,0.39,303.46,3,8.94
91.23,0.43,104.72,3,8.94
89.84,0.45,192.60,3,8.94
88.56,0.49,273.59,3,8.94
85.88,0.57,454.52,3,8.94
84.30,0.63,481.37,3,8.94
83.54,0.66,514.25,3,8.94
84.03,0.64,468.12,3,8.94
84.95,0.61,468.16,3,8.93
86.22,0.56,476.78,3,8.93
87.74,0.47,462.75,3,8.93
88.72,0.37,443.65,3,8.93
89.11,0.28,443.45,3,8.93
88.46,0.21,278.91,3,8.93
86.34,0.16,275.30,3,8.93
84.09,0.11,274.13,3,8.93
81.69,0.07,257.36,3,8.93
79.41,0.03,177.41,3,8.93
77.34,-0.01,144.93,3,8.93
75.75,-0.05,206.08,2,8.93
75.12,-0.08,205.61,2,8.93
74.74,-0.11,207.01,2,8.93
73.90,-0.12,208.41,2,8.93
74.04,-0.11,510.23,2,8.93
74.78,-0.09,522.97,2,8.93
75.49,-0.08,534.36,2,8.93
76.14,-0.07,551.56,2,8.93
76.85,-0.06,555.76,2,8.93
77.63,-0.05,527.52,2,8.93
78.22,-0.03,536.70,2,8.93
78.71,-0.01,552.41,2,8.92
79.17,-0.01,579.92,2,8.92
79.72,-0.01,580.52,2,8.92
80.33,-0.01,572.26,2,8.92
80.96,-0.01,554.02,2,8.92
81.45,-0.00,566.08,2,8.92
81.92,-0.00,574.91,2,8.92
82.40,-0.01,580.05,2,8.92
82.89,-0.02,582.74,2,8.92
83.38,-0.02,584.92,2,8.91
83.87,-0.03,587.28,2,8.91
84.34,-0.04,590.20,2,8.91
84.81,-0.05,593.14,2,8.91
85.28,-0.06,596.49,2,8.91
85.74,-0.07,599.46,2,8.91
85.76,-0.08,681.41,2,8.91
85.43,-0.10,681.13,2,8.91
85.91,-0.11,596.65,2,8.91
86.43,-0.12,601.85,2,8.91
86.96,-0.13,606.41,2,8.91
87.40,-0.13,632.12,2,8.91
87.17,-0.15,681.82,2,8.91
87.03,-0.16,682.93,2,8.91
86.90,-0.18,680.94,2,8.91
86.76,-0.20,682.51,2,8.91
87.17,-0.21,591.15,2,8.90
87.88,-0.22,598.34,2,8.90
88.54,-0.21,611.37,2,8.90
89.19,-0.19,620.45,2,8.90
89.85,-0.17,626.44,2,8.90
90.50,-0.16,630.45,2,8.90
91.21,-0.14,617.16,2,8.90
91.80,-0.13,622.48,2,8.90
92.27,-0.12,634.67,2,8.90
92.06,-0.11,459.50,3,8.90
91.76,-0.10,460.13,3,8.90
91.46,-0.09,460.75,3,8.90
91.12,-0.09,461.37,3,8.90
90.89,-0.09,453.11,3,8.90
91.15,-0.08,457.44,3,8.90
91.42,-0.07,459.52,3,8.89
91.70,-0.06,460.76,3,8.89
91.98,-0.06,461.68,3,8.89
92.26,-0.05,463.13,3,8.89
92.53,-0.04,464.29,3,8.89
92.80,-0.04,465.85,3,8.89
92.23,-0.04,293.33,3,8.89
91.41,-0.03,112.82,3,8.89
89.92,-0.01,294.09,3,8.89
87.24,-0.00,308.98,3,8.89
84.44,-0.01,311.84,3,8.89
82.10,-0.03,363.97,3,8.89
80.35,-0.06,252.96,3,8.89
79.02,-0.08,104.72,3,8.89
78.75,-0.07,121.84,3,8.89
77.70,-0.07,297.41,3,8.89
76.48,-0.11,429.30,2,8.89
75.36,-0.18,430.13,2,8.89
74.40,-0.23,430.94,2,8.89
73.81,-0.24,431.76,2,8.89
73.80,-0.21,547.35,2,8.89
74.15,-0.15,608.41,2,8.89
74.85,-0.10,548.23,2,8.89
75.64,-0.05,528.79,2,8.89
76.35,-0.02,518.99,2,8.89
76.88,0.01,532.01,2,8.89
77.37,0.05,545.08,2,8.88
77.85,0.08,558.04,2,8.88
78.39,0.11,556.84,2,8.88
78.34,0.13,229.48,2,8.88
77.74,0.16,104.72,2,8.88
77.50,0.19,104.72,2,8.88
77.27,0.22,111.99,2,8.88
77.05,0.25,198.01,2,8.88
76.14,0.27,522.92,2,8.88
76.52,0.26,574.95,2,8.88
76.28,0.22,661.98,2,8.88
76.15,0.20,663.00,2,8.88
76.04,0.18,665.58,2,8.88
76.89,0.16,532.72,2,8.88
77.55,0.13,553.97,2,8.88
78.26,0.12,573.04,2,8.88
79.16,0.11,551.45,2,8.88
79.94,0.10,561.36,2,8.87
80.73,0.09,568.11,2,8.87
81.54,0.08,569.81,2,8.87
82.34,0.08,574.10,2,8.87
83.11,0.08,581.60,2,8.87
83.87,0.07,587.00,2,8.87
84.64,0.07,588.39,2,8.87
85.36,0.07,595.44,2,8.87
86.07,0.07,600.90,2,8.87
86.79,0.07,602.34,2,8.87
87.46,0.07,608.94,2,8.86
88.12,0.06,614.17,2,8.86
88.79,0.06,615.89,2,8.86
89.42,0.05,621.94,2,8.86
90.04,0.05,626.74,2,8.86
90.66,0.04,628.86,2,8.86
91.25,0.03,634.38,2,8.86
91.84,0.03,637.36,2,8.86
92.28,0.02,462.44,3,8.86
92.09,0.01,463.05,3,8.86
91.89,0.01,463.66,3,8.86
91.70,0.00,464.26,3,8.86
91.50,0.00,464.85,3,8.86
91.67,-0.00,457.76,3,8.86
92.14,-0.00,461.08,3,8.86
92.61,-0.00,463.62,3,8.85
93.08,-0.00,466.49,3,8.85
93.56,-0.00,468.57,3,8.85
94.04,-0.00,471.05,3,8.85
94.52,-0.00,474.25,3,8.85
95.01,-0.00,475.94,3,8.85
95.49,-0.00,479.14,3,8.85
95.97,-0.00,481.82,3,8.85
96.47,-0.01,483.48,3,8.85
96.94,-0.01,489.86,3,8.85
97.45,-0.02,489.80,3,8.85
97.95,-0.03,491.56,3,8.84
98.43,-0.03,498.82,3,8.84
98.95,-0.04,498.35,3,8.84
99.45,-0.06,502.63,3,8.84
99.95,-0.07,508.34,3,8.84
100.48,-0.08,507.89,3,8.84
100.92,-0.10,525.90,3,8.84
101.49,-0.11,519.63,3,8.84
102.03,-0.13,519.52,3,8.84
102.42,-0.15,542.86,3,8.84
102.99,-0.17,534.18,3,8.84
103.44,-0.19,552.69,3,8.83
103.85,-0.21,552.68,3,8.83
104.36,-0.23,548.09,3,8.83
104.65,-0.26,579.72,3,8.83
105.04,-0.28,564.63,3,8.83
105.49,-0.31,548.66,3,8.83
105.05,-0.32,375.29,3,8.83
103.91,-0.30,504.31,3,8.83
101.40,6.01,439.95,3,8.83
99.36,6.04,467.82,3,8.83
97.34,6.06,468.51,3,8.83
95.54,6.08,440.90,3,8.83
92.98,6.13,418.14,3,8.83
91.18,6.18,414.99,3,8.83
90.94,6.22,443.35,3,8.83
90.14,6.27,302.83,3,8.83
86.70,6.32,329.36,3,8.83
83.16,6.37,295.68,3,8.83
81.69,6.41,237.15,3,8.83
80.15,6.46,387.83,3,8.83
80.12,6.48,391.41,3,8.83
80.26,6.51,396.27,3,8.83
80.50,6.53,418.06,3,8.83
80.46,6.56,482.75,3,8.83
80.92,6.55,423.27,3,8.83
81.43,6.54,410.90,3,8.83
81.86,6.52,413.01,3,8.82
82.29,6.50,415.77,3,8.82
82.73,6.48,418.33,3,8.82
83.17,6.46,423.16,3,8.82
83.65,6.44,423.50,3,8.82
84.15,6.42,424.84,3,8.82
84.65,6.41,426.79,3,8.82
85.16,6.40,428.88,3,8.82
85.69,6.38,431.05,3,8.82
86.23,6.37,433.25,3,8.82
86.78,6.37,436.57,3,8.82
87.35,6.36,438.53,3,8.82
87.92,6.35,441.08,3,8.82
88.50,6.34,443.87,3,8.82
89.09,6.34,446.71,3,8.81
89.68,6.33,449.75,3,8.81
90.27,6.32,453.62,3,8.81
90.88,6.32,455.93,3,8.81
91.49,6.31,458.90,3,8.81
92.11,6.31,462.04,3,8.81
92.73,6.30,465.21,3,8.81
93.36,6.30,468.41,3,8.81
93.99,6.29,472.38,3,8.81
94.63,6.29,474.97,3,8.81
95.27,6.28,477.79,3,8.81
95.91,6.28,480.88,3,8.81
96.55,6.28,484.00,3,8.80
97.19,6.27,488.24,3,8.80
97.83,6.27,490.79,3,8.80
98.48,6.27,493.54,3,8.80
99.13,6.27,496.59,3,8.80
99.77,6.27,499.76,3,8.80
100.41,6.27,502.76,3,8.80
101.05,6.27,506.83,3,8.80
101.70,6.26,509.42,3,8.80
102.34,6.26,512.31,3,8.80
102.98,6.26,515.51,3,8.80
103.62,6.26,518.78,3,8.79
104.25,6.26,522.98,3,8.79
104.89,6.26,525.43,3,8.79
105.53,6.26,528.34,3,8.79
106.16,6.26,531.48,3,8.79
106.80,6.25,534.60,3,8.79
107.43,6.25,538.76,3,8.79
108.06,6.25,541.37,3,8.79
108.69,6.25,544.15,3,8.79
109.32,6.25,547.19,3,8.79
109.95,6.25,550.35,3,8.78
110.57,6.24,554.32,3,8.78
111.20,6.24,556.83,3,8.78
111.83,6.24,559.70,3,8.78
112.45,6.24,562.66,3,8.78
113.07,6.24,565.76,3,8.78
113.69,6.24,569.54,3,8.78
114.31,6.24,572.10,3,8.78
114.93,6.24,574.99,3,8.78
115.55,6.24,577.93,3,8.78
116.16,6.24,580.90,3,8.77
116.76,6.24,584.14,3,8.77
117.36,6.23,586.63,3,8.77
117.96,6.23,589.38,3,8.77
118.55,6.23,592.23,3,8.77
119.13,6.23,595.43,3,8.77
119.71,6.23,597.94,3,8.77
120.28,6.23,600.47,3,8.77
120.85,6.23,603.20,3,8.77
121.42,6.23,605.79,3,8.77
121.97,6.23,608.68,3,8.76
122.52,6.23,611.10,3,8.76
123.07,6.23,613.71,3,8.76
123.61,6.23,616.18,3,8.76
124.15,6.23,618.93,3,8.76
124.68,6.23,621.32,3,8.76
125.21,6.23,623.79,3,8.76
125.73,6.22,626.21,3,8.76
126.24,6.22,628.73,3,8.76
126.75,6.22,631.21,3,8.76
127.17,6.22,490.11,4,8.75
127.12,6.22,490.50,4,8.75
127.05,6.22,490.89,4,8.75
126.98,6.22,491.29,4,8.75
126.91,6.22,491.67,4,8.75
127.11,6.22,488.76,4,8.75
127.56,6.22,491.12,4,8.75
128.02,6.22,492.98,4,8.75
128.47,6.22,494.74,4,8.75
128.92,6.22,496.43,4,8.75
129.37,6.22,498.08,4,8.75
129.82,6.22,499.63,4,8.75
130.27,6.23,501.44,4,8.75
130.71,6.23,503.22,4,8.75
131.15,6.23,504.93,4,8.75
131.59,6.23,506.44,4,8.74
132.02,6.23,508.32,4,8.74
132.45,6.23,510.04,4,8.74
132.88,6.23,511.74,4,8.74
133.31,6.23,513.15,4,8.74
133.74,6.23,515.03,4,8.74
134.16,6.23,516.73,4,8.74
134.58,6.23,518.39,4,8.74
135.00,6.23,519.64,4,8.74
135.42,6.23,521.54,4,8.74
135.84,6.23,523.23,4,8.74
136.25,6.23,524.86,4,8.73
136.67,6.23,526.02,4,8.73
137.08,6.23,527.93,4,8.73
137.49,6.23,529.60,4,8.73
137.90,6.24,531.17,4,8.73
138.31,6.24,532.40,4,8.73
138.72,6.24,534.25,4,8.73
139.13,6.24,535.92,4,8.73
139.53,6.24,537.49,4,8.73
139.94,6.24,538.67,4,8.73
140.34,6.25,540.52,4,8.72
140.74,6.25,542.17,4,8.72
141.15,6.25,543.32,4,8.72
141.55,6.25,544.96,4,8.72
141.94,6.26,546.76,4,8.72
142.34,6.26,548.35,4,8.72
142.75,6.26,549.17,4,8.72
143.15,6.27,551.18,4,8.72
143.55,6.27,552.86,4,8.72
143.95,6.27,554.46,4,8.72
144.36,6.28,555.30,4,8.72
144.76,6.29,557.31,4,8.71
145.17,6.29,558.95,4,8.71
145.58,6.30,560.42,4,8.71
145.99,6.31,561.62,4,8.71
146.41,6.32,563.51,4,8.71
146.82,6.33,565.18,4,8.71
147.24,6.34,565.81,4,8.71
147.66,6.35,568.09,4,8.71
148.07,6.36,570.02,4,8.71
148.49,6.37,571.75,4,8.71
148.91,6.39,572.60,4,8.70
149.32,6.40,574.90,4,8.70
149.74,6.42,576.80,4,8.70
150.16,6.43,577.23,4,8.70
150.56,6.45,579.48,4,8.70
150.96,6.46,581.60,4,8.70
151.36,6.48,583.45,4,8.70
151.79,6.49,580.39,4,8.70
152.17,6.48,583.15,4,8.70
152.54,6.46,585.18,4,8.69
152.92,6.44,583.08,4,8.69
153.24,6.42,587.05,4,8.69
153.57,6.40,589.35,4,8.69
153.91,6.38,588.55,4,8.69
154.20,6.37,591.34,4,8.69
154.49,6.35,593.23,4,8.69
154.77,6.33,594.68,4,8.69
155.04,6.32,595.98,4,8.69
155.28,6.30,597.27,4,8.69
155.48,6.29,603.15,4,8.68
155.72,6.27,601.55,4,8.68
155.91,6.26,601.57,4,8.68
155.98,6.25,618.38,4,8.68
156.21,6.24,610.06,4,8.68
156.36,6.23,606.18,4,8.68
156.31,6.22,631.94,4,8.68
155.05,6.22,399.29,4,8.68
151.81,6.22,405.84,4,8.68
149.86,6.24,395.83,4,8.68
147.15,6.25,366.36,4,8.68
144.51,6.28,511.04,4,8.68
142.62,6.33,388.37,4,8.68
139.59,6.37,325.14,4,8.68
136.77,6.41,359.26,4,8.68
133.40,6.46,431.94,4,8.68
130.64,6.51,494.68,4,8.68
126.93,6.56,350.34,4,8.68
124.12,6.60,405.70,4,8.68
121.73,6.64,454.13,4,8.68
119.52,6.68,507.43,4,8.68
118.08,6.71,529.35,4,8.68
117.50,6.71,535.17,4,8.68
117.73,6.71,506.53,4,8.68
117.96,6.70,523.84,4,8.67
118.84,6.67,532.63,4,8.67
119.93,6.62,538.11,4,8.67
120.88,6.58,540.61,4,8.67
121.79,6.61,468.16,4,8.67
120.37,6.58,421.52,4,8.67
119.99,6.55,453.04,4,8.67
118.64,6.53,394.37,4,8.67
118.17,6.52,444.64,4,8.67
116.37,6.50,436.33,4,8.67
116.28,6.48,440.71,4,8.67
113.85,6.45,379.89,4,8.67
113.42,6.43,433.64,4,8.67
113.55,6.39,435.99,4,8.67
111.91,6.37,513.49,3,8.67
111.70,6.35,513.70,3,8.67
110.26,6.33,512.67,3,8.67
109.70,6.31,512.89,3,8.67
109.42,6.31,513.11,3,8.67
109.38,6.30,555.62,3,8.67
109.75,6.30,542.29,3,8.67
109.89,6.30,558.22,3,8.67
110.00,6.29,589.20,3,8.67
110.12,6.27,597.28,3,8.67
110.38,6.24,584.37,3,8.67
110.73,6.23,577.31,3,8.67
111.08,6.21,575.57,3,8.67
111.41,6.20,576.00,3,8.66
111.71,6.20,578.20,3,8.66
111.69,6.18,626.38,3,8.66
111.68,6.16,617.89,3,8.66
112.16,6.15,570.32,3,8.66
112.43,6.15,577.48,3,8.66
112.56,6.14,612.94,3,8.66
112.50,6.14,642.98,3,8.66
112.90,6.15,576.69,3,8.66
113.33,6.17,576.66,3,8.66
113.74,6.19,582.69,3,8.66
114.00,-0.08,612.49,3,8.66
114.53,-0.07,590.93,3,8.65
115.11,-0.06,583.66,3,8.65
115.66,-0.05,583.38,3,8.65
116.16,-0.04,594.23,3,8.65
116.74,-0.03,591.28,3,8.65
117.34,-0.02,588.61,3,8.65
117.92,-0.02,590.18,3,8.65
118.50,-0.01,592.42,3,8.65
119.06,-0.01,599.03,3,8.65
119.67,-0.01,598.14,3,8.65
120.26,-0.01,600.06,3,8.64
120.85,-0.01,602.65,3,8.64
121.41,-0.01,608.84,3,8.64
122.00,-0.01,608.92,3,8.64
122.58,-0.01,610.89,3,8.64
123.16,-0.01,613.48,3,8.64
123.71,-0.01,618.98,3,8.64
124.29,-0.01,619.72,3,8.64
124.86,-0.00,621.67,3,8.64
125.42,0.00,624.20,3,8.64
125.96,0.00,628.68,3,8.63
126.52,0.01,630.19,3,8.63
127.07,0.01,632.27,3,8.63
127.16,0.01,489.97,4,8.63
127.14,0.02,490.37,4,8.63
127.12,0.02,490.76,4,8.63
127.10,0.02,491.15,4,8.63
127.19,0.02,487.71,4,8.63
127.68,0.02,491.02,4,8.63
128.18,0.02,493.21,4,8.63
128.69,0.02,495.16,4,8.63
129.19,0.02,497.03,4,8.63
129.70,0.02,498.32,4,8.63
130.19,0.02,500.66,4,8.63
130.69,0.02,502.70,4,8.63
131.18,0.02,504.60,4,8.62
131.69,0.02,505.24,4,8.62
132.17,0.02,508.04,4,8.62
132.66,0.02,510.18,4,8.62
133.15,0.02,512.14,4,8.62
133.64,0.02,512.39,4,8.62
134.12,0.02,515.41,4,8.62
134.59,0.02,517.60,4,8.62
135.07,0.02,519.54,4,8.62
135.56,0.03,519.62,4,8.62
136.01,0.03,522.66,4,8.62
136.48,0.03,524.84,4,8.61
136.94,0.03,526.70,4,8.61
137.41,0.03,526.90,4,8.61
137.86,0.03,529.77,4,8.61
138.31,0.03,531.88,4,8.61
138.78,0.03,530.20,4,8.61
139.21,0.03,534.06,4,8.61
139.64,0.03,536.70,4,8.61
140.07,0.03,538.69,4,8.61
140.53,0.03,537.10,4,8.61
140.93,0.03,540.97,4,8.60
141.35,0.03,543.38,4,8.60
141.76,0.03,545.23,4,8.60
141.75,0.03,603.00,4,8.60
142.43,0.03,550.53,4,8.60
142.90,0.03,549.29,4,8.60
143.36,0.03,549.57,4,8.60
143.79,0.03,552.13,4,8.60
144.17,0.03,557.69,4,8.60
144.58,0.03,561.61,4,8.60
144.72,0.03,590.19,4,8.60
145.28,0.03,568.75,4,8.59
145.75,0.03,566.33,4,8.59
146.15,0.03,574.87,4,8.59
146.65,0.03,570.37,4,8.59
147.12,0.03,570.25,4,8.59
147.57,0.03,572.42,4,8.59
148.02,0.03,574.64,4,8.59
148.47,0.03,576.11,4,8.59
148.96,0.03,572.40,4,8.59
149.37,0.03,577.52,4,8.59
149.79,0.03,580.73,4,8.58
150.26,0.03,574.96,4,8.58
150.64,0.03,579.95,4,8.58
151.01,0.03,585.02,4,8.58
151.46,0.03,579.08,4,8.58
151.83,0.03,582.51,4,8.58
152.21,0.03,584.70,4,8.58
152.57,0.03,589.68,4,8.58
152.96,0.03,590.61,4,8.58
153.37,0.03,589.50,4,8.57
153.76,0.03,590.32,4,8.57
154.12,0.03,595.49,4,8.57
154.53,0.02,593.86,4,8.57
154.93,0.02,594.59,4,8.57
155.29,0.02,600.00,4,8.57
155.70,0.02,598.63,4,8.57
156.10,0.02,598.99,4,8.57
156.49,0.02,601.54,4,8.57
156.87,0.02,603.46,4,8.57
157.28,0.02,603.46,4,8.56
157.67,0.02,604.64,4,8.56
158.05,0.02,608.13,4,8.56
158.45,0.02,607.93,4,8.56
158.84,0.02,609.01,4,8.56
159.22,0.02,612.40,4,8.56
159.62,0.02,612.37,4,8.56
160.01,0.02,613.35,4,8.56
160.39,0.02,616.10,4,8.56
160.78,0.02,616.75,4,8.56
161.17,0.02,617.65,4,8.55
161.55,0.02,619.12,4,8.55
161.93,0.02,620.92,4,8.55
162.31,0.02,621.87,4,8.55
162.69,0.02,623.23,4,8.55
163.06,0.02,624.90,4,8.55
163.44,0.02,626.03,4,8.55
163.81,0.02,627.36,4,8.55
163.84,0.02,502.75,5,8.55
163.76,0.01,503.05,5,8.55
163.69,0.01,503.34,5,8.55
163.61,0.01,503.63,5,8.55
163.61,0.01,499.70,5,8.55
163.93,0.01,502.36,5,8.55
164.28,0.01,502.94,5,8.55
164.61,0.01,504.44,5,8.54
164.94,0.01,505.65,5,8.54
165.29,0.00,505.82,5,8.54
165.61,0.00,507.34,5,8.54
165.94,-0.00,508.68,5,8.54
166.27,-0.00,509.22,5,8.54
166.60,-0.00,510.15,5,8.54
166.92,-0.01,511.65,5,8.54
167.24,-0.01,512.78,5,8.54
167.57,-0.01,512.89,5,8.54
167.88,-0.02,514.56,5,8.54
168.19,-0.02,515.78,5,8.53
168.51,-0.02,515.57,5,8.53
168.81,-0.03,517.40,5,8.53
169.12,-0.03,518.66,5,8.53
169.43,-0.03,518.10,5,8.53
169.72,-0.04,520.14,5,8.53
170.01,-0.04,521.51,5,8.53
170.32,-0.05,520.54,5,8.53
170.59,-0.05,522.82,5,8.53
170.87,-0.06,524.24,5,8.53
171.17,-0.06,522.90,5,8.53
171.42,-0.07,525.35,5,8.52
171.69,-0.07,526.82,5,8.52
171.96,-0.08,527.10,5,8.52
172.22,-0.07,529.20,5,8.52
172.48,6.22,530.60,5,8.52
172.73,6.22,533.56,5,8.52
173.03,6.23,531.30,5,8.52
173.28,6.23,533.60,5,8.52
173.53,6.24,536.10,5,8.52
173.83,6.24,534.08,5,8.52
174.08,6.25,536.63,5,8.51
174.33,6.25,538.62,5,8.51
174.62,6.25,537.11,5,8.51
174.87,6.26,539.67,5,8.51
175.13,6.26,540.98,5,8.51
175.41,6.26,539.94,5,8.51
175.67,6.26,542.29,5,8.51
175.93,6.27,543.18,5,8.51
176.21,6.27,542.77,5,8.51
176.46,6.27,544.75,5,8.51
176.73,6.27,545.29,5,8.50
177.00,6.28,545.40,5,8.50
177.25,6.28,547.20,5,8.50
177.51,6.28,547.58,5,8.50
177.77,6.28,548.04,5,8.50
178.01,6.28,549.60,5,8.50
178.26,6.28,550.03,5,8.50
178.48,6.28,550.74,5,8.50
178.69,6.29,551.88,5,8.50
178.90,6.29,552.14,5,8.50
179.10,6.28,553.30,5,8.50
179.30,6.28,553.94,5,8.49
179.49,6.28,554.73,5,8.49
179.68,6.28,555.45,5,8.49
179.86,6.28,556.38,5,8.49
180.03,6.28,556.99,5,8.49
180.19,6.28,557.66,5,8.49
180.35,6.28,558.67,5,8.49
180.50,6.27,558.98,5,8.49
180.63,6.27,560.61,5,8.49
180.76,6.27,560.71,5,8.49
179.44,6.26,404.56,5,8.49
177.30,6.26,502.32,5,8.49
175.43,6.25,401.29,5,8.49
173.17,6.24,494.38,5,8.49
171.24,6.22,386.55,5,8.49
168.95,6.21,473.72,5,8.49
168.15,6.19,509.90,5,8.49
165.75,6.18,353.32,5,8.48
163.41,6.17,393.41,5,8.48
161.58,6.15,425.69,5,8.48
160.61,6.14,480.62,5,8.48
158.32,6.13,332.67,5,8.48
156.95,6.13,437.18,5,8.48
155.97,6.12,363.78,5,8.48
153.87,6.12,358.74,5,8.48
152.87,6.11,447.45,5,8.48
151.45,6.11,315.43,5,8.48
149.67,6.11,402.75,5,8.48
148.71,6.10,524.53,4,8.48
147.56,6.10,524.65,4,8.48
146.10,6.10,522.51,4,8.48
144.81,6.10,522.64,4,8.48
143.53,6.09,521.65,4,8.48
142.43,6.09,411.65,4,8.48
141.38,6.08,527.37,4,8.48
140.10,6.08,483.37,4,8.48
138.58,6.08,473.36,4,8.48
138.16,6.07,521.22,4,8.48
136.68,6.07,501.22,4,8.48
135.22,6.06,487.69,4,8.48
133.89,6.08,458.93,4,8.48
133.48,6.09,503.62,4,8.48
131.94,6.10,488.55,4,8.48
130.71,6.11,433.21,4,8.48
129.25,6.13,325.90,4,8.48
128.03,6.14,477.39,4,8.48
127.90,6.14,486.98,4,8.48
126.36,6.14,462.01,4,8.48
125.24,6.14,383.63,4,8.48
124.55,6.15,463.40,4,8.48
123.23,6.15,414.87,4,8.48
122.63,6.15,462.80,4,8.48
121.47,6.15,381.62,4,8.48
120.89,6.15,440.08,4,8.48
119.38,6.16,423.44,4,8.48
118.97,6.15,451.96,4,8.48
118.33,6.15,324.87,4,8.48
117.34,6.15,419.24,4,8.48
117.09,6.16,447.25,4,8.48
115.67,6.17,410.19,4,8.48
115.33,6.17,438.02,4,8.48
114.76,6.17,311.54,4,8.48
113.13,6.17,371.69,4,8.48
112.67,6.18,425.94,4,8.48
112.65,6.18,436.65,4,8.48
111.25,6.18,413.07,3,8.48
110.87,6.18,413.90,3,8.48
110.15,6.18,413.71,3,8.48
109.09,6.19,414.54,3,8.48
108.84,6.19,415.37,3,8.48
108.24,6.19,375.72,3,8.48
107.28,6.19,517.78,3,8.48
107.30,6.20,531.57,3,8.48
107.54,6.20,547.60,3,8.48
107.94,6.21,563.48,3,8.48
106.73,6.22,501.45,3,8.48
106.68,6.23,524.09,3,8.48
106.91,6.23,533.36,3,8.48
107.28,6.23,547.73,3,8.47
107.07,6.23,377.09,3,8.47
106.20,6.24,513.51,3,8.47
106.25,6.24,525.37,3,8.47
106.51,6.24,533.01,3,8.47
106.87,6.23,546.81,3,8.47
107.25,6.24,559.11,3,8.47
107.67,6.24,567.46,3,8.47
108.13,6.26,567.45,3,8.47
108.70,6.27,551.86,3,8.47
109.18,6.27,553.83,3,8.47
109.63,6.28,560.87,3,8.47
110.12,6.29,565.55,3,8.47
110.64,6.30,567.18,3,8.46
111.24,6.31,555.90,3,8.46
111.75,6.32,561.08,3,8.46
112.25,6.34,567.98,3,8.46
112.79,6.35,571.99,3,8.46
113.37,6.37,573.71,3,8.46
114.00,6.40,564.98,3,8.46
114.56,6.42,571.60,3,8.46
115.11,6.44,577.60,3,8.46
115.68,6.47,581.32,3,8.46
116.25,6.50,584.38,3,8.46
116.79,6.53,593.10,3,8.45
117.36,6.54,593.39,3,8.45
117.96,6.52,589.16,3,8.45
118.51,6.50,591.00,3,8.45
119.03,6.48,594.24,3,8.45
119.41,6.47,622.33,3,8.45
119.58,6.44,658.52,3,8.45
120.14,6.42,608.70,3,8.45
120.62,6.41,605.28,3,8.45
121.01,6.40,610.14,3,8.45
119.13,6.39,367.50,3,8.45
116.95,6.37,403.38,3,8.45
114.23,6.37,411.33,3,8.45
111.32,6.37,400.53,3,8.45
108.38,6.38,392.02,3,8.45
105.48,6.39,480.37,3,8.45
102.99,6.42,364.15,3,8.45
100.45,6.43,320.16,3,8.45
98.52,6.44,304.16,3,8.45
96.61,6.45,293.53,3,8.45
94.09,6.47,441.53,3,8.45
93.24,6.49,463.61,3,8.45
92.89,6.50,493.27,3,8.45
92.93,6.49,529.51,3,8.45
93.08,6.46,554.58,3,8.44
93.44,6.43,535.03,3,8.44
93.98,6.39,512.53,3,8.44
94.61,6.36,496.28,3,8.44
95.26,6.34,485.11,3,8.44
95.86,6.33,483.03,3,8.44
96.38,6.32,498.01,3,8.44
96.61,6.31,541.29,3,8.44
97.39,6.30,493.12,3,8.44
98.00,6.30,492.42,3,8.44
98.57,6.30,496.23,3,8.44
99.06,6.30,513.19,3,8.44
99.59,6.30,520.24,3,8.44
100.19,6.30,514.50,3,8.44
100.74,6.30,514.54,3,8.43
101.25,6.30,518.69,3,8.43
101.81,6.30,510.24,3,8.43
102.26,6.31,520.43,3,8.43
102.72,6.31,528.57,3,8.43
103.22,6.31,533.79,3,8.43
103.76,6.30,534.44,3,8.43
104.37,6.30,516.83,3,8.43
104.82,6.30,525.76,3,8.43
105.31,6.29,533.61,3,8.43
105.84,6.28,536.64,3,8.43
106.44,6.27,529.12,3,8.42
106.97,6.26,534.30,3,8.42
107.50,6.26,538.66,3,8.42
108.04,6.25,541.88,3,8.42
108.58,6.25,544.40,3,8.42
108.97,6.24,577.60,3,8.42
109.63,6.23,557.75,3,8.42
110.25,6.23,553.70,3,8.42
110.83,6.22,555.42,3,8.42
111.39,6.22,560.63,3,8.42
111.96,6.21,565.65,3,8.42
112.57,6.20,565.95,3,8.41
113.16,6.19,568.60,3,8.41
113.76,6.19,571.87,3,8.41
114.38,6.18,570.28,3,8.41
114.96,6.17,576.66,3,8.41
115.55,6.16,581.13,3,8.41
116.15,6.15,585.02,3,8.41
116.82,6.13,574.60,3,8.41
117.39,6.12,583.11,3,8.41
117.94,6.10,590.04,3,8.41
118.49,6.08,595.39,3,8.41
119.04,6.06,599.65,3,8.40
119.64,6.05,596.09,3,8.40
120.19,6.08,598.20,3,8.40
120.72,6.10,601.11,3,8.40
121.23,6.12,604.12,3,8.40
121.59,6.14,634.51,3,8.40
121.77,6.17,667.81,3,8.40
122.36,6.19,615.21,3,8.40
122.84,6.21,613.64,3,8.40
123.26,6.22,617.55,3,8.40
123.54,6.23,640.68,3,8.40
123.99,6.25,631.83,3,8.40
124.37,6.26,629.39,3,8.39
124.72,6.28,632.25,3,8.39
125.10,6.29,623.35,3,8.39
125.37,6.30,632.86,3,8.39
125.67,6.32,640.46,3,8.39
126.03,6.34,642.38,3,8.39
126.51,6.36,620.64,3,8.39
126.78,6.37,628.32,3,8.39
127.08,6.38,637.24,3,8.39
127.08,6.41,493.92,4,8.39
126.96,6.44,494.26,4,8.39
126.81,6.45,494.59,4,8.39
126.65,6.44,494.92,4,8.39
126.51,6.43,495.24,4,8.39
126.72,6.42,495.17,4,8.39
127.05,6.41,497.14,4,8.39
127.39,6.40,498.28,4,8.38
127.73,6.40,499.39,4,8.38
128.06,6.39,500.94,4,8.38
128.40,6.38,501.30,4,8.38
128.72,6.37,504.15,4,8.38
129.04,6.35,505.26,4,8.38
129.36,6.34,507.00,4,8.38
129.69,6.33,506.98,4,8.38
130.01,6.32,509.08,4,8.38
130.33,6.31,510.55,4,8.38
130.66,6.30,511.19,4,8.38
130.99,6.29,513.09,4,8.38
131.33,6.28,514.47,4,8.37
131.68,6.27,515.22,4,8.37
132.04,6.26,516.32,4,8.37
132.40,6.26,518.10,4,8.37
132.77,6.25,518.85,4,8.37
133.15,6.25,519.55,4,8.37
133.54,6.25,518.62,4,8.37
133.95,6.25,516.44,4,8.37
134.35,6.25,517.12,4,8.37
134.74,6.25,518.36,4,8.37
135.12,6.25,522.69,4,8.37
135.53,6.25,523.02,4,8.37
135.94,6.26,522.92,4,8.36
136.34,6.26,524.05,4,8.36
136.74,6.27,525.52,4,8.36
137.12,6.27,530.12,4,8.36
137.54,6.27,529.41,4,8.36
137.95,6.28,530.33,4,8.36
138.35,6.28,531.77,4,8.36
138.73,6.28,537.19,4,8.36
139.15,6.28,536.44,4,8.36
139.56,6.27,536.93,4,8.36
139.96,6.27,538.36,4,8.36
140.34,6.27,542.12,4,8.35
140.74,6.26,544.13,4,8.35
141.15,6.26,543.78,4,8.35
141.56,6.26,544.91,4,8.35
141.96,6.25,546.43,4,8.35
142.34,6.25,551.42,4,8.35
142.77,6.25,550.28,4,8.35
143.19,6.25,551.07,4,8.35
143.60,6.25,552.44,4,8.35
143.99,6.25,557.67,4,8.35
144.44,6.25,556.46,4,8.35
144.87,6.25,557.14,4,8.34
145.29,6.25,558.54,4,8.34
145.69,6.25,563.85,4,8.34
146.14,6.26,562.93,4,8.34
146.57,6.26,563.53,4,8.34
147.00,6.26,564.95,4,8.34
147.40,6.26,570.30,4,8.34
147.85,6.26,569.66,4,8.34
148.29,6.26,570.17,4,8.34
148.72,6.26,571.64,4,8.34
149.12,6.26,577.01,4,8.34
149.57,6.26,576.54,4,8.33
150.01,6.26,576.98,4,8.33
150.43,6.26,578.37,4,8.33
150.83,6.26,583.68,4,8.33
151.27,6.25,583.13,4,8.33
151.71,6.25,583.48,4,8.33
152.14,6.25,584.80,4,8.33
152.54,6.25,590.03,4,8.33
152.98,6.25,589.27,4,8.33
153.41,6.25,589.69,4,8.33
153.84,6.25,591.00,4,8.33
154.24,6.25,595.97,4,8.32
154.69,6.25,595.19,4,8.32
155.12,6.25,595.79,4,8.32
155.55,6.25,597.16,4,8.32
155.95,6.25,601.71,4,8.32
156.39,6.25,601.11,4,8.32
156.82,6.25,601.91,4,8.32
157.25,6.26,603.36,4,8.32
157.65,6.26,607.43,4,8.32
158.09,6.26,607.10,4,8.32
158.52,6.26,608.15,4,8.32
158.93,6.26,610.69,4,8.31
159.34,6.26,613.14,4,8.31
159.77,6.26,613.16,4,8.31
160.19,6.26,614.37,4,8.31
160.59,6.26,618.75,4,8.31
161.02,6.26,618.80,4,8.31
161.44,6.26,619.20,4,8.31
161.85,6.26,620.52,4,8.31
162.25,6.26,624.84,4,8.31
162.67,6.26,624.44,4,8.31
163.09,6.25,625.22,4,8.31
163.50,6.25,626.59,4,8.30
163.90,6.25,630.20,4,8.30
164.03,6.25,504.94,5,8.30
164.03,6.25,505.19,5,8.30
164.04,6.25,505.45,5,8.30
164.05,6.25,505.70,5,8.30
164.07,6.25,505.95,5,8.30
164.37,6.25,503.69,5,8.30
164.75,6.25,506.96,5,8.30
165.16,6.26,507.11,5,8.30
165.56,6.26,507.81,5,8.30
165.96,6.26,509.44,5,8.30
166.35,6.26,511.30,5,8.30
166.76,6.26,511.57,5,8.30
167.16,6.26,512.53,5,8.30
167.54,6.26,515.56,5,8.30
167.95,6.26,515.65,5,8.30
168.35,6.26,516.33,5,8.29
168.75,6.26,517.46,5,8.29
169.14,6.26,520.08,5,8.29
169.54,6.26,520.27,5,8.29
169.94,6.26,521.20,5,8.29
170.33,6.26,524.18,5,8.29
170.73,6.26,524.41,5,8.29
171.14,6.26,525.02,5,8.29
171.54,6.26,526.12,5,8.29
171.93,6.26,528.67,5,8.29
172.34,6.26,528.84,5,8.29
172.74,6.26,529.79,5,8.28
173.13,6.26,532.64,5,8.28
173.54,6.26,532.84,5,8.28
173.95,6.26,533.52,5,8.28
174.35,6.26,534.85,5,8.28
174.75,6.26,536.98,5,8.28
175.16,6.26,537.35,5,8.28
175.57,6.26,538.35,5,8.28
175.96,6.26,541.05,5,8.28
176.38,6.26,541.29,5,8.28
176.78,6.26,542.13,5,8.28
177.18,6.26,544.54,5,8.28
177.59,6.26,545.36,5,8.27
178.00,6.26,545.95,5,8.27
178.40,6.26,547.07,5,8.27
178.79,6.26,549.45,5,8.27
179.20,6.26,549.87,5,8.27
179.61,6.26,550.83,5,8.27
180.00,6.26,553.39,5,8.27
180.41,6.26,553.75,5,8.27
180.82,6.26,554.60,5,8.27
181.21,6.26,556.88,5,8.27
181.61,6.26,557.71,5,8.27
182.02,6.26,558.39,5,8.26
182.42,6.26,559.48,5,8.26
182.81,6.26,561.64,5,8.26
183.22,6.26,562.18,5,8.26
183.62,6.26,563.24,5,8.26
184.01,6.26,565.51,5,8.26
184.42,6.26,565.96,5,8.26
184.82,6.26,566.93,5,8.26
185.21,6.26,569.21,5,8.26
185.62,6.26,569.77,5,8.26
186.02,6.26,570.62,5,8.26
186.42,6.26,572.65,5,8.25
186.82,6.26,573.51,5,8.25
187.23,6.26,574.28,5,8.25
187.62,6.26,575.87,5,8.25
188.02,6.26,577.24,5,8.25
188.42,6.26,577.98,5,8.25
188.82,6.26,579.04,5,8.25
189.21,6.26,580.85,5,8.25
189.60,6.26,581.58,5,8.25
190.00,6.26,582.60,5,8.25
190.38,6.26,584.41,5,8.24
190.77,6.26,585.10,5,8.24
191.16,6.26,586.14,5,8.24
191.53,6.26,587.87,5,8.24
191.92,6.26,588.62,5,8.24
192.30,6.26,589.57,5,8.24
192.68,6.26,591.23,5,8.24
193.07,6.26,592.02,5,8.24
193.45,6.26,592.95,5,8.24
193.82,6.26,594.53,5,8.24
194.20,6.26,595.37,5,8.24
194.57,6.26,596.35,5,8.23
194.94,6.26,597.78,5,8.23
195.31,6.26,598.68,5,8.23
195.68,6.26,599.66,5,8.23
196.04,6.26,601.02,5,8.23
196.41,6.26,601.96,5,8.23
196.77,6.26,602.96,5,8.23
197.13,6.26,604.21,5,8.23
197.49,6.26,605.18,5,8.23
197.85,6.26,606.15,5,8.23
198.21,6.26,607.31,5,8.23
198.57,6.26,608.32,5,8.22
198.92,6.26,609.33,5,8.22
199.27,6.26,610.43,5,8.22
199.62,6.26,611.44,5,8.22
199.97,6.26,612.42,5,8.22
200.32,6.26,613.44,5,8.22
200.67,6.26,614.48,5,8.22
201.01,6.26,615.50,5,8.22
201.35,6.26,616.42,5,8.22
201.69,6.26,617.49,5,8.22
202.03,6.26,618.56,5,8.22
202.37,6.26,619.35,5,8.21
202.70,6.26,620.49,5,8.21
203.04,6.26,621.56,5,8.21
203.37,6.26,622.24,5,8.21
203.70,6.26,623.43,5,8.21
204.02,6.26,624.54,5,8.21
204.35,6.26,625.13,5,8.21
204.67,6.26,626.31,5,8.21
204.99,6.26,627.36,5,8.21
205.32,6.26,627.92,5,8.21
205.63,6.26,629.16,5,8.21
205.95,6.26,630.23,5,8.20
206.26,6.26,630.73,5,8.20
206.57,6.26,632.01,5,8.20
206.88,6.26,633.08,5,8.20
207.19,6.26,633.54,5,8.20
207.49,6.26,634.85,5,8.20
207.79,6.26,635.78,5,8.20
208.09,6.25,636.33,5,8.20
208.39,6.25,637.62,5,8.20
208.69,6.25,638.01,5,8.20
208.98,6.25,639.03,5,8.20
209.27,6.25,640.29,5,8.20
209.57,6.25,640.37,5,8.19
209.85,6.25,641.70,5,8.19
210.14,6.25,642.91,5,8.19
210.43,6.25,642.83,5,8.19
210.71,6.25,644.30,5,8.19
210.99,6.25,645.48,5,8.19
211.28,6.25,645.36,5,8.19
211.55,6.25,646.86,5,8.19
211.83,6.25,647.99,5,8.19
212.11,6.25,647.92,5,8.19
212.37,6.25,649.39,5,8.19
212.64,6.25,650.10,5,8.18
212.91,6.25,650.46,5,8.18
213.17,6.25,651.88,5,8.18
213.44,6.25,651.67,5,8.18
213.70,6.25,652.97,5,8.18
213.95,6.25,654.30,5,8.18
214.22,6.25,653.77,5,8.18
214.47,6.25,655.41,5,8.18
214.72,6.25,656.64,5,8.18
214.97,6.25,656.15,5,8.18
215.21,6.25,657.81,5,8.18
215.45,6.25,658.96,5,8.17
215.69,6.25,658.56,5,8.17
215.92,6.25,660.14,5,8.17
216.16,6.25,659.90,5,8.17
216.39,6.25,660.93,5,8.17
216.61,6.25,662.38,5,8.17
216.85,6.25,661.51,5,8.17
217.06,6.25,663.19,5,8.17
217.28,6.25,664.50,5,8.17
217.51,6.25,663.59,5,8.17
217.71,6.25,665.35,5,8.17
217.93,6.25,666.50,5,8.16
218.15,6.25,665.78,5,8.16
218.35,6.25,667.41,5,8.16
218.57,6.25,666.65,5,8.16
218.77,6.25,667.93,5,8.16
218.97,6.25,669.37,5,8.16
219.19,6.25,668.17,5,8.16
219.37,6.25,669.99,5,8.16
219.56,6.25,671.26,5,8.16
219.77,6.25,670.18,5,8.16
219.95,6.25,671.97,5,8.16
220.15,6.25,671.82,5,8.16
220.33,6.25,672.26,5,8.15
220.50,6.25,673.84,5,8.15
220.70,6.25,672.46,5,8.15
220.86,6.25,674.24,5,8.15
221.03,6.25,675.61,5,8.15
221.22,6.25,674.22,5,8.15
221.37,6.25,676.10,5,8.15
221.54,6.25,676.71,5,8.15
221.70,6.25,676.16,5,8.15
221.85,6.25,677.83,5,8.15
222.03,6.25,676.27,5,8.15
222.17,6.25,678.00,5,8.14
222.32,6.25,679.42,5,8.14
222.48,6.25,677.76,5,8.14
222.62,6.25,679.69,5,8.14
222.76,6.25,679.72,5,8.14
222.90,6.25,679.49,5,8.14
223.02,6.25,680.72,5,8.14
223.15,6.25,678.99,5,8.14
223.27,6.25,680.23,5,8.14
223.36,6.25,680.33,5,8.14
223.47,6.25,680.27,5,8.14
223.55,6.25,680.76,5,8.14
223.62,6.25,680.31,5,8.13
223.72,6.25,680.58,5,8.13
223.78,6.25,680.39,5,8.13
223.85,6.25,680.27,5,8.13
223.91,6.25,680.36,5,8.13
223.94,6.25,680.92,5,8.13
224.01,6.25,680.60,5,8.13
224.04,6.25,680.48,5,8.13
224.06,6.26,679.49,5,8.13
224.11,6.26,680.53,5,8.13
224.12,6.26,680.83,5,8.13
224.16,6.26,680.45,5,8.13
224.18,6.26,680.65,5,8.13
224.17,6.26,680.72,5,8.13
224.20,6.26,680.75,5,8.13
224.20,6.26,681.06,5,8.12
224.20,6.26,680.21,5,8.12
224.22,6.27,680.55,5,8.12
224.21,6.27,680.50,5,8.12
224.23,6.27,680.74,5,8.12
224.23,6.27,678.79,5,8.12
224.21,6.27,679.09,5,8.12
224.23,6.28,680.83,5,8.12
224.22,6.28,680.83,5,8.12
224.21,6.28,680.11,5,8.12
224.21,6.28,680.57,5,8.12
224.18,6.28,681.02,5,8.12
224.19,6.29,679.98,5,8.12
224.17,6.29,680.77,5,8.12
224.14,6.29,680.42,5,8.12
224.16,6.29,680.35,5,8.11
224.13,6.30,680.58,5,8.11
224.10,6.30,679.17,5,8.11
224.07,6.30,678.74,5,8.11
224.03,6.29,680.45,5,8.11
223.98,6.29,678.84,5,8.11
223.94,6.28,680.53,5,8.11
223.91,6.28,680.41,5,8.11
223.88,6.28,680.47,5,8.11
223.85,6.27,679.26,5,8.11
223.83,6.27,680.36,5,8.11
223.81,6.26,680.75,5,8.11
223.79,6.26,679.04,5,8.11
223.77,6.26,680.03,5,8.11
223.77,6.25,680.27,5,8.11
223.76,6.25,679.10,5,8.10
223.76,6.26,680.13,5,8.10
223.77,6.28,680.61,5,8.10
223.78,6.29,680.90,5,8.10
223.79,6.31,680.31,5,8.10
223.79,6.33,680.17,5,8.10
223.79,6.33,680.61,5,8.10
223.79,6.33,680.37,5,8.10
223.78,6.33,679.00,5,8.10
223.78,6.33,680.60,5,8.10
223.77,6.32,680.23,5,8.10
223.77,6.32,680.59,5,8.10
223.77,6.32,679.16,5,8.10
223.76,6.32,680.16,5,8.10
223.76,6.32,680.76,5,8.09
223.76,6.31,680.34,5,8.09
223.75,6.31,680.65,5,8.09
223.75,6.31,679.20,5,8.09
223.75,6.31,680.07,5,8.09
223.74,6.30,680.69,5,8.09
223.74,6.30,680.23,5,8.09
223.74,6.30,680.20,5,8.09
223.73,6.30,680.68,5,8.09
223.74,6.29,678.97,5,8.09
223.74,6.29,679.21,5,8.09
223.74,6.29,679.21,5,8.09
223.75,6.29,679.21,5,8.09
223.76,6.29,679.20,5,8.09
223.77,6.29,679.21,5,8.09
223.77,6.29,679.21,5,8.08
223.78,6.29,679.22,5,8.08
223.79,6.29,680.34,5,8.08
223.79,6.29,680.17,5,8.08
223.80,6.29,680.65,5,8.08
223.80,6.29,679.15,5,8.08
223.81,6.29,680.28,5,8.08
223.81,6.29,680.59,5,8.08
223.82,6.29,679.13,5,8.08
223.82,6.29,680.07,5,8.08
223.82,6.29,680.73,5,8.08
223.82,6.28,680.28,5,8.08
223.82,6.28,680.62,5,8.08
223.82,6.28,680.33,5,8.08
223.82,6.28,680.66,5,8.07
223.82,6.28,680.33,5,8.07
223.82,6.28,680.74,5,8.07
223.83,6.28,680.25,5,8.07
223.83,6.28,680.70,5,8.07
223.82,-0.01,674.13,5,8.07
